// Sigla federatiei, pentru ecranul de pornire al dispozitivului.
//
// Generata din apps/competition-admin/public/frvv-logo.png, redimensionata
// la 120x120 si convertita in RGB565. Transparenta a fost compusa peste
// navy (#172642), culoarea fundalului ecranului de pornire - ecranul nu
// are canal alfa, deci altfel emblema ar veni intr-un patrat negru.
//
// 28800 octeti in flash.

#pragma once

#define FRVV_LOGO_W 120
#define FRVV_LOGO_H 120

static const uint16_t FRVV_LOGO[FRVV_LOGO_W * FRVV_LOGO_H] = {
  0x1128, 0x1128, 0x1128, 0x1128, 0x1128, 0x1128, 0x1128, 0x1128, 0x1128, 0x1128, 0x1128, 0x1128,
  0x1128, 0x1128, 0x1128, 0x1128, 0x1128, 0x1128, 0x1128, 0x1128, 0x1128, 0x1128, 0x1128, 0x1128,
  0x1128, 0x1128, 0x1128, 0x1128, 0x1128, 0x1128, 0x1128, 0x1128, 0x1128, 0x1128, 0x1128, 0x1128,
  0x1128, 0x1128, 0x1128, 0x1128, 0x1128, 0x1128, 0x1128, 0x1128, 0x1128, 0x1128, 0x1128, 0x1128,
  0x1128, 0x1128, 0x1128, 0x1128, 0x1128, 0x1128, 0x1128, 0x1128, 0x1128, 0x1128, 0x1128, 0x1128,
  0x1128, 0x1128, 0x1128, 0x1128, 0x1128, 0x1128, 0x1128, 0x1128, 0x1128, 0x1128, 0x1128, 0x1128,
  0x1128, 0x1128, 0x1128, 0x1128, 0x1128, 0x1128, 0x1128, 0x1128, 0x1128, 0x1128, 0x1128, 0x1128,
  0x1128, 0x1128, 0x1128, 0x1128, 0x1128, 0x1128, 0x1128, 0x1128, 0x1128, 0x1128, 0x1128, 0x1128,
  0x1128, 0x1128, 0x1128, 0x1128, 0x1128, 0x1128, 0x1128, 0x1128, 0x1128, 0x1128, 0x1128, 0x1128,
  0x1128, 0x1128, 0x1128, 0x1128, 0x1128, 0x1128, 0x1128, 0x1128, 0x1128, 0x1128, 0x1128, 0x1128,
  0x1128, 0x1128, 0x1128, 0x1128, 0x1128, 0x1128, 0x1128, 0x1128, 0x1128, 0x1128, 0x1128, 0x1128,
  0x1128, 0x1128, 0x1128, 0x1128, 0x1128, 0x1128, 0x1128, 0x1128, 0x1128, 0x1128, 0x1128, 0x1128,
  0x1128, 0x1128, 0x1128, 0x1128, 0x1128, 0x1128, 0x1128, 0x1128, 0x1128, 0x1128, 0x1128, 0x1128,
  0x1128, 0x1128, 0x1128, 0x1128, 0x1128, 0x1128, 0x1128, 0x1128, 0x1128, 0x1128, 0x1128, 0x1128,
  0x1128, 0x1128, 0x1128, 0x1128, 0x1128, 0x1128, 0x1128, 0x1128, 0x1128, 0x1128, 0x1128, 0x1128,
  0x1128, 0x1128, 0x1128, 0x1128, 0x1128, 0x1128, 0x1128, 0x1128, 0x1128, 0x1128, 0x1128, 0x1128,
  0x1128, 0x1128, 0x1128, 0x1128, 0x1128, 0x1128, 0x1128, 0x1128, 0x1128, 0x1128, 0x1128, 0x1128,
  0x1128, 0x1128, 0x1128, 0x1128, 0x1128, 0x1128, 0x1128, 0x1128, 0x1128, 0x1128, 0x1128, 0x1128,
  0x1128, 0x1128, 0x1128, 0x1128, 0x1128, 0x1128, 0x1128, 0x1128, 0x1128, 0x1128, 0x1128, 0x1128,
  0x1128, 0x1128, 0x1128, 0x1128, 0x1128, 0x1128, 0x1128, 0x1128, 0x1128, 0x1128, 0x1128, 0x1128,
  0x1128, 0x1128, 0x1128, 0x1128, 0x1128, 0x1128, 0x1128, 0x1128, 0x1128, 0x1128, 0x1128, 0x1128,
  0x1128, 0x1128, 0x1128, 0x1128, 0x1128, 0x1128, 0x1128, 0x1128, 0x1128, 0x1128, 0x1128, 0x1128,
  0x1128, 0x1128, 0x1128, 0x1128, 0x1128, 0x1128, 0x1128, 0x1128, 0x1128, 0x1128, 0x1128, 0x1128,
  0x1128, 0x1128, 0x1128, 0x1128, 0x1128, 0x1128, 0x1128, 0x1128, 0x1128, 0x1128, 0x1128, 0x1128,
  0x1128, 0x1128, 0x1128, 0x1128, 0x1128, 0x1128, 0x1128, 0x1128, 0x1128, 0x1128, 0x1128, 0x1128,
  0x1128, 0x1128, 0x1128, 0x1128, 0x1128, 0x1128, 0x1128, 0x1128, 0x1128, 0x1128, 0x1128, 0x1128,
  0x1128, 0x1128, 0x1128, 0x1128, 0x1128, 0x1128, 0x1128, 0x1128, 0x1128, 0x1128, 0x1128, 0x1128,
  0x1128, 0x1128, 0x1128, 0x1128, 0x1128, 0x1128, 0x1128, 0x1128, 0x1128, 0x1128, 0x1128, 0x1128,
  0x1128, 0x1128, 0x1128, 0x1128, 0x1128, 0x1128, 0x1128, 0x1128, 0x1128, 0x1128, 0x1128, 0x1128,
  0x1128, 0x1128, 0x1128, 0x1128, 0x1128, 0x1128, 0x1128, 0x1128, 0x1128, 0x1128, 0x1128, 0x1128,
  0x1128, 0x1128, 0x1128, 0x1128, 0x1128, 0x1128, 0x1128, 0x1128, 0x1128, 0x1128, 0x1128, 0x1128,
  0x1128, 0x1128, 0x1128, 0x1128, 0x1128, 0x1128, 0x1128, 0x1128, 0x1128, 0x1128, 0x1128, 0x1128,
  0x1128, 0x1128, 0x1128, 0x1128, 0x1128, 0x1128, 0x1128, 0x1128, 0x1128, 0x1128, 0x1128, 0x1128,
  0x1128, 0x1128, 0x1128, 0x1128, 0x1128, 0x1128, 0x1128, 0x1128, 0x1128, 0x1128, 0x1128, 0x1128,
  0x1128, 0x1128, 0x1128, 0x1128, 0x1128, 0x1128, 0x1128, 0x1128, 0x1128, 0x1128, 0x1128, 0x1128,
  0x1128, 0x1128, 0x1128, 0x1128, 0x1128, 0x1128, 0x1128, 0x1128, 0x1128, 0x1128, 0x1128, 0x1128,
  0x1128, 0x1128, 0x1128, 0x1128, 0x1128, 0x1128, 0x1128, 0x1128, 0x1128, 0x1128, 0x1128, 0x1128,
  0x1128, 0x1128, 0x1128, 0x1128, 0x1128, 0x1128, 0x1128, 0x1128, 0x1128, 0x1128, 0x1128, 0x1128,
  0x1128, 0x1128, 0x1128, 0x1128, 0x1128, 0x1128, 0x1128, 0x1128, 0x1128, 0x1128, 0x1128, 0x1128,
  0x1128, 0x1128, 0x1128, 0x1128, 0x1128, 0x1128, 0x1128, 0x1128, 0x1128, 0x1128, 0x1128, 0x1128,
  0x1128, 0x1128, 0x1128, 0x1128, 0x1128, 0x1128, 0x1128, 0x1128, 0x1128, 0x1128, 0x1128, 0x1128,
  0x1128, 0x1128, 0x1128, 0x1128, 0x1128, 0x1128, 0x1128, 0x1128, 0x1128, 0x1128, 0x1128, 0x1128,
  0x1128, 0x1128, 0x1128, 0x1128, 0x1128, 0x1128, 0x1128, 0x1128, 0x1128, 0x1128, 0x1128, 0x1128,
  0x1128, 0x1128, 0x1128, 0x1128, 0x1128, 0x1128, 0x1128, 0x1128, 0x1128, 0x1128, 0x1128, 0x1128,
  0x1128, 0x1128, 0x1128, 0x1128, 0x1128, 0x1128, 0x1128, 0x1128, 0x1128, 0x1128, 0x1128, 0x1128,
  0x1128, 0x1128, 0x1128, 0x1128, 0x1128, 0x1128, 0x1128, 0x1128, 0x1128, 0x1128, 0x1128, 0x1128,
  0x1128, 0x1128, 0x1128, 0x1128, 0x1128, 0x1128, 0x1128, 0x1128, 0x1128, 0x1128, 0x1128, 0x1128,
  0x1128, 0x1128, 0x1128, 0x1128, 0x1128, 0x1128, 0x1128, 0x1128, 0x1128, 0x1128, 0x1128, 0x1128,
  0x1128, 0x1128, 0x1128, 0x1128, 0x1128, 0x1128, 0x1128, 0x1128, 0x1128, 0x1128, 0x1128, 0x1128,
  0x1128, 0x1128, 0x1128, 0x1128, 0x1128, 0x1128, 0x1128, 0x1128, 0x1128, 0x1128, 0x1128, 0x1128,
  0x1128, 0x1128, 0x1128, 0x1128, 0x1128, 0x1128, 0x1128, 0x1128, 0x1128, 0x1128, 0x1128, 0x1128,
  0x1128, 0x1128, 0x1128, 0x1128, 0x1128, 0x1128, 0x1128, 0x1128, 0x1128, 0x1128, 0x1128, 0x1128,
  0x1128, 0x1128, 0x1128, 0x1128, 0x1128, 0x1128, 0x1128, 0x1128, 0x1128, 0x1128, 0x1128, 0x1128,
  0x1128, 0x1128, 0x1128, 0x1128, 0x1128, 0x1128, 0x1128, 0x1128, 0x1128, 0x1128, 0x1128, 0x1128,
  0x1128, 0x1128, 0x1128, 0x1928, 0x1928, 0x1928, 0x1928, 0x1928, 0x1928, 0x1928, 0x1928, 0x1928,
  0x1928, 0x1928, 0x1928, 0x1928, 0x1928, 0x1928, 0x1928, 0x1928, 0x1928, 0x1128, 0x1128, 0x1128,
  0x1128, 0x1128, 0x1128, 0x1128, 0x1128, 0x1128, 0x1128, 0x1128, 0x1128, 0x1128, 0x1128, 0x1128,
  0x1128, 0x1128, 0x1128, 0x1128, 0x1128, 0x1128, 0x1128, 0x1128, 0x1128, 0x1128, 0x1128, 0x1128,
  0x1128, 0x1128, 0x1128, 0x1128, 0x1128, 0x1128, 0x1128, 0x1128, 0x1128, 0x1128, 0x1128, 0x1128,
  0x1128, 0x1128, 0x1128, 0x1128, 0x1128, 0x1128, 0x1128, 0x1128, 0x1128, 0x1128, 0x1128, 0x1128,
  0x1128, 0x1128, 0x1128, 0x1128, 0x1128, 0x1128, 0x1128, 0x1128, 0x1128, 0x1128, 0x1128, 0x1128,
  0x1128, 0x1128, 0x1128, 0x1128, 0x1128, 0x1128, 0x1128, 0x1128, 0x1128, 0x1128, 0x1128, 0x1128,
  0x1128, 0x1128, 0x1128, 0x1128, 0x1128, 0x1128, 0x1128, 0x1128, 0x1128, 0x1128, 0x1128, 0x1128,
  0x1128, 0x1128, 0x1128, 0x1128, 0x1128, 0x1128, 0x1128, 0x1128, 0x1128, 0x1128, 0x1928, 0x1928,
  0x1928, 0x1928, 0x1928, 0x1128, 0x1128, 0x0928, 0x0928, 0x0928, 0x0928, 0x0928, 0x0928, 0x0928,
  0x0928, 0x0928, 0x0928, 0x0928, 0x0928, 0x0928, 0x0928, 0x1128, 0x1128, 0x1928, 0x1928, 0x1928,
  0x1928, 0x1128, 0x1128, 0x1128, 0x1128, 0x1128, 0x1128, 0x1128, 0x1128, 0x1128, 0x1128, 0x1128,
  0x1128, 0x1128, 0x1128, 0x1128, 0x1128, 0x1128, 0x1128, 0x1128, 0x1128, 0x1128, 0x1128, 0x1128,
  0x1128, 0x1128, 0x1128, 0x1128, 0x1128, 0x1128, 0x1128, 0x1128, 0x1128, 0x1128, 0x1128, 0x1128,
  0x1128, 0x1128, 0x1128, 0x1128, 0x1128, 0x1128, 0x1128, 0x1128, 0x1128, 0x1128, 0x1128, 0x1128,
  0x1128, 0x1128, 0x1128, 0x1128, 0x1128, 0x1128, 0x1128, 0x1128, 0x1128, 0x1128, 0x1128, 0x1128,
  0x1128, 0x1128, 0x1128, 0x1128, 0x1128, 0x1128, 0x1128, 0x1128, 0x1128, 0x1128, 0x1128, 0x1128,
  0x1128, 0x1128, 0x1128, 0x1128, 0x1128, 0x1128, 0x1128, 0x1128, 0x1128, 0x1128, 0x1128, 0x1128,
  0x1128, 0x1128, 0x1128, 0x1128, 0x1128, 0x1128, 0x1128, 0x1928, 0x1928, 0x1928, 0x1128, 0x0928,
  0x0928, 0x0928, 0x1128, 0x2128, 0x3147, 0x4967, 0x6167, 0x7186, 0x8186, 0x8986, 0x91A6, 0x91A6,
  0x91A6, 0x91A6, 0x8986, 0x8186, 0x7186, 0x5967, 0x4967, 0x3147, 0x2128, 0x1128, 0x0928, 0x0928,
  0x0928, 0x1128, 0x1928, 0x1928, 0x1928, 0x1128, 0x1128, 0x1128, 0x1128, 0x1128, 0x1128, 0x1128,
  0x1128, 0x1128, 0x1128, 0x1128, 0x1128, 0x1128, 0x1128, 0x1128, 0x1128, 0x1128, 0x1128, 0x1128,
  0x1128, 0x1128, 0x1128, 0x1128, 0x1128, 0x1128, 0x1128, 0x1128, 0x1128, 0x1128, 0x1128, 0x1128,
  0x1128, 0x1128, 0x1128, 0x1128, 0x1128, 0x1128, 0x1128, 0x1128, 0x1128, 0x1128, 0x1128, 0x1128,
  0x1128, 0x1128, 0x1128, 0x1128, 0x1128, 0x1128, 0x1128, 0x1128, 0x1128, 0x1128, 0x1128, 0x1128,
  0x1128, 0x1128, 0x1128, 0x1128, 0x1128, 0x1128, 0x1128, 0x1128, 0x1128, 0x1128, 0x1128, 0x1128,
  0x1128, 0x1128, 0x1128, 0x1128, 0x1128, 0x1128, 0x1128, 0x1128, 0x1128, 0x1128, 0x1128, 0x1128,
  0x1128, 0x1128, 0x1128, 0x1128, 0x1928, 0x1928, 0x1928, 0x1128, 0x0928, 0x0928, 0x1928, 0x3947,
  0x6166, 0x8986, 0xB1A5, 0xC9C5, 0xD9E4, 0xE1E4, 0xE1E4, 0xE9E4, 0xE9E4, 0xE9E4, 0xE1E4, 0xE1E4,
  0xE1E4, 0xE1E4, 0xE9E4, 0xE9E4, 0xE9E4, 0xE1E4, 0xE1E4, 0xD9E4, 0xC9C5, 0xB1A5, 0x8986, 0x6166,
  0x3947, 0x1928, 0x0928, 0x0928, 0x1128, 0x1928, 0x1928, 0x1928, 0x1128, 0x1128, 0x1128, 0x1128,
  0x1128, 0x1128, 0x1128, 0x1128, 0x1128, 0x1128, 0x1128, 0x1128, 0x1128, 0x1128, 0x1128, 0x1128,
  0x1128, 0x1128, 0x1128, 0x1128, 0x1128, 0x1128, 0x1128, 0x1128, 0x1128, 0x1128, 0x1128, 0x1128,
  0x1128, 0x1128, 0x1128, 0x1128, 0x1128, 0x1128, 0x1128, 0x1128, 0x1128, 0x1128, 0x1128, 0x1128,
  0x1128, 0x1128, 0x1128, 0x1128, 0x1128, 0x1128, 0x1128, 0x1128, 0x1128, 0x1128, 0x1128, 0x1128,
  0x1128, 0x1128, 0x1128, 0x1128, 0x1128, 0x1128, 0x1128, 0x1128, 0x1128, 0x1128, 0x1128, 0x1128,
  0x1128, 0x1128, 0x1128, 0x1128, 0x1128, 0x1128, 0x1128, 0x1128, 0x1128, 0x1128, 0x1128, 0x1128,
  0x1128, 0x1128, 0x1928, 0x1928, 0x1128, 0x0928, 0x0928, 0x2148, 0x5967, 0x91A6, 0xC1C5, 0xD9E4,
  0xE1E4, 0xE1E4, 0xE1E4, 0xD9E4, 0xD9E5, 0xD9E5, 0xD1E5, 0xD1E5, 0xD1E5, 0xD1C4, 0xD1C4, 0xD1C4,
  0xD1C4, 0xD1C4, 0xD1C4, 0xD1E5, 0xD1E5, 0xD1E5, 0xD9E5, 0xD9E5, 0xD9E4, 0xE1E4, 0xE1E4, 0xE1E4,
  0xD9E4, 0xC1C5, 0x91A6, 0x5967, 0x2148, 0x0928, 0x0928, 0x1128, 0x1928, 0x1928, 0x1128, 0x1128,
  0x1128, 0x1128, 0x1128, 0x1128, 0x1128, 0x1128, 0x1128, 0x1128, 0x1128, 0x1128, 0x1128, 0x1128,
  0x1128, 0x1128, 0x1128, 0x1128, 0x1128, 0x1128, 0x1128, 0x1128, 0x1128, 0x1128, 0x1128, 0x1128,
  0x1128, 0x1128, 0x1128, 0x1128, 0x1128, 0x1128, 0x1128, 0x1128, 0x1128, 0x1128, 0x1128, 0x1128,
  0x1128, 0x1128, 0x1128, 0x1128, 0x1128, 0x1128, 0x1128, 0x1128, 0x1128, 0x1128, 0x1128, 0x1128,
  0x1128, 0x1128, 0x1128, 0x1128, 0x1128, 0x1128, 0x1128, 0x1128, 0x1128, 0x1128, 0x1128, 0x1128,
  0x1128, 0x1128, 0x1128, 0x1128, 0x1128, 0x1128, 0x1128, 0x1128, 0x1128, 0x1128, 0x1128, 0x1128,
  0x1928, 0x1928, 0x1128, 0x0928, 0x1928, 0x5167, 0x99A6, 0xC9C5, 0xE1E4, 0xE1E4, 0xE1E4, 0xD9E5,
  0xD1E5, 0xD1C4, 0xD9C4, 0xD9A4, 0xD9A4, 0xD984, 0xD9A4, 0xD9A4, 0xD9C4, 0xD9E4, 0xDA05, 0xDA05,
  0xDA05, 0xD9E5, 0xD9E4, 0xD9C4, 0xD9A4, 0xD9A4, 0xD984, 0xD9A4, 0xD9A4, 0xD9C4, 0xD1E5, 0xD1E5,
  0xD9E5, 0xE1E4, 0xE1E4, 0xE1E4, 0xC9C5, 0x99A6, 0x5167, 0x1928, 0x0928, 0x1128, 0x1928, 0x1928,
  0x1128, 0x1128, 0x1128, 0x1128, 0x1128, 0x1128, 0x1128, 0x1128, 0x1128, 0x1128, 0x1128, 0x1128,
  0x1128, 0x1128, 0x1128, 0x1128, 0x1128, 0x1128, 0x1128, 0x1128, 0x1128, 0x1128, 0x1128, 0x1128,
  0x1128, 0x1128, 0x1128, 0x1128, 0x1128, 0x1128, 0x1128, 0x1128, 0x1128, 0x1128, 0x1128, 0x1128,
  0x1128, 0x1128, 0x1128, 0x1128, 0x1128, 0x1128, 0x1128, 0x1128, 0x1128, 0x1128, 0x1128, 0x1128,
  0x1128, 0x1128, 0x1128, 0x1128, 0x1128, 0x1128, 0x1128, 0x1128, 0x1128, 0x1128, 0x1128, 0x1128,
  0x1128, 0x1128, 0x1128, 0x1128, 0x1128, 0x1128, 0x1128, 0x1128, 0x1128, 0x1128, 0x1928, 0x1928,
  0x1128, 0x0928, 0x2947, 0x7986, 0xC1C5, 0xE1E4, 0xE1E4, 0xD9E4, 0xD9E5, 0xD1E5, 0xD9C4, 0xD9A4,
  0xD9A4, 0xD9C4, 0xDA45, 0xDAC6, 0xE367, 0xE3E8, 0xE448, 0xE4A9, 0xECE9, 0xED09, 0xED29, 0xED4A,
  0xED29, 0xED29, 0xED09, 0xE4C9, 0xE488, 0xE428, 0xE3A7, 0xDB26, 0xDA85, 0xDA05, 0xD9C4, 0xD984,
  0xD9A4, 0xD9C4, 0xD1E5, 0xD9E5, 0xD9E4, 0xE1E4, 0xE1E4, 0xC1C5, 0x7986, 0x2947, 0x0928, 0x1128,
  0x1928, 0x1928, 0x1128, 0x1128, 0x1128, 0x1128, 0x1128, 0x1128, 0x1128, 0x1128, 0x1128, 0x1128,
  0x1128, 0x1128, 0x1128, 0x1128, 0x1128, 0x1128, 0x1128, 0x1128, 0x1128, 0x1128, 0x1128, 0x1128,
  0x1128, 0x1128, 0x1128, 0x1128, 0x1128, 0x1128, 0x1128, 0x1128, 0x1128, 0x1128, 0x1128, 0x1128,
  0x1128, 0x1128, 0x1128, 0x1128, 0x1128, 0x1128, 0x1128, 0x1128, 0x1128, 0x1128, 0x1128, 0x1128,
  0x1128, 0x1128, 0x1128, 0x1128, 0x1128, 0x1128, 0x1128, 0x1128, 0x1128, 0x1128, 0x1128, 0x1128,
  0x1128, 0x1128, 0x1128, 0x1128, 0x1128, 0x1128, 0x1128, 0x1128, 0x1928, 0x1928, 0x1128, 0x0928,
  0x3147, 0x91A6, 0xD1E4, 0xE9E4, 0xD9E4, 0xD9E5, 0xD1E5, 0xD9A4, 0xD984, 0xD9C4, 0xDA65, 0xE347,
  0xE448, 0xED09, 0xF5CA, 0xFE2B, 0xEDEA, 0xEDEA, 0xF60B, 0xEDEA, 0xEDCA, 0xEDCA, 0xEDCA, 0xEDAA,
  0xEDAA, 0xEDAA, 0xEDCA, 0xEDCA, 0xEDCA, 0xEDEA, 0xEDEA, 0xF5EB, 0xF5EB, 0xED6A, 0xE4A9, 0xE3E7,
  0xDAE6, 0xDA25, 0xD9A4, 0xD9A4, 0xD9C4, 0xD1E5, 0xD9E5, 0xD9E4, 0xE9E4, 0xD1E5, 0x89A6, 0x3147,
  0x0928, 0x1128, 0x1928, 0x1928, 0x1128, 0x1128, 0x1128, 0x1128, 0x1128, 0x1128, 0x1128, 0x1128,
  0x1128, 0x1128, 0x1128, 0x1128, 0x1128, 0x1128, 0x1128, 0x1128, 0x1128, 0x1128, 0x1128, 0x1128,
  0x1128, 0x1128, 0x1128, 0x1128, 0x1128, 0x1128, 0x1128, 0x1128, 0x1128, 0x1128, 0x1128, 0x1128,
  0x1128, 0x1128, 0x1128, 0x1128, 0x1128, 0x1128, 0x1128, 0x1128, 0x1128, 0x1128, 0x1128, 0x1128,
  0x1128, 0x1128, 0x1128, 0x1128, 0x1128, 0x1128, 0x1128, 0x1128, 0x1128, 0x1128, 0x1128, 0x1128,
  0x1128, 0x1128, 0x1128, 0x1128, 0x1128, 0x1128, 0x1128, 0x1928, 0x1128, 0x0928, 0x2947, 0x91A6,
  0xD9E4, 0xE9E4, 0xD9E4, 0xD1E5, 0xD9C4, 0xD984, 0xD9C4, 0xDA85, 0xDBC7, 0xECE9, 0xEDAA, 0xEDEB,
  0xF60B, 0xE58A, 0xBC88, 0xA3E7, 0xED8A, 0xEDAA, 0x6AA5, 0xCCE9, 0xF5CA, 0xED8A, 0xEDAA, 0x2902,
  0xA3E7, 0xFDEB, 0xED8A, 0xED8A, 0xED8A, 0xED8A, 0xEDAA, 0xD509, 0xBC88, 0xE58A, 0xFE0B, 0xEDEA,
  0xEDCA, 0xED4A, 0xE468, 0xDB26, 0xDA25, 0xD9A4, 0xD9A4, 0xD9E4, 0xD1E5, 0xD9E4, 0xE9E4, 0xD9E4,
  0x8986, 0x2947, 0x0928, 0x1128, 0x1928, 0x1128, 0x1128, 0x1128, 0x1128, 0x1128, 0x1128, 0x1128,
  0x1128, 0x1128, 0x1128, 0x1128, 0x1128, 0x1128, 0x1128, 0x1128, 0x1128, 0x1128, 0x1128, 0x1128,
  0x1128, 0x1128, 0x1128, 0x1128, 0x1128, 0x1128, 0x1128, 0x1128, 0x1128, 0x1128, 0x1128, 0x1128,
  0x1128, 0x1128, 0x1128, 0x1128, 0x1128, 0x1128, 0x1128, 0x1128, 0x1128, 0x1128, 0x1128, 0x1128,
  0x1128, 0x1128, 0x1128, 0x1128, 0x1128, 0x1128, 0x1128, 0x1128, 0x1128, 0x1128, 0x1128, 0x1128,
  0x1128, 0x1128, 0x1128, 0x1128, 0x1128, 0x1928, 0x1928, 0x0928, 0x1928, 0x7986, 0xD1E4, 0xE9E4,
  0xD9E4, 0xD1E5, 0xD9C4, 0xD984, 0xDA25, 0xE367, 0xE4C9, 0xEDCA, 0xFE4B, 0xEDCA, 0xEDAA, 0xDD29,
  0x6264, 0x3122, 0x4183, 0x9BC7, 0xED8A, 0xF5EB, 0x3983, 0xB448, 0xF5EA, 0xF5EB, 0xAC27, 0x20E2,
  0x6264, 0xF5EB, 0xED8A, 0xEDAA, 0xEDAA, 0xE58A, 0xFE0B, 0x72C5, 0x3142, 0x51E3, 0x9BA7, 0xF5CA,
  0xED8A, 0xEDAA, 0xFE4B, 0xFE2B, 0xED6A, 0xE448, 0xDAC6, 0xD9C4, 0xD9A4, 0xD9E4, 0xD1E5, 0xD9E4,
  0xE9E4, 0xD1E5, 0x7986, 0x1928, 0x0928, 0x1928, 0x1928, 0x1128, 0x1128, 0x1128, 0x1128, 0x1128,
  0x1128, 0x1128, 0x1128, 0x1128, 0x1128, 0x1128, 0x1128, 0x1128, 0x1128, 0x1128, 0x1128, 0x1128,
  0x1128, 0x1128, 0x1128, 0x1128, 0x1128, 0x1128, 0x1128, 0x1128, 0x1128, 0x1128, 0x1128, 0x1128,
  0x1128, 0x1128, 0x1128, 0x1128, 0x1128, 0x1128, 0x1128, 0x1128, 0x1128, 0x1128, 0x1128, 0x1128,
  0x1128, 0x1128, 0x1128, 0x1128, 0x1128, 0x1128, 0x1128, 0x1128, 0x1128, 0x1128, 0x1128, 0x1128,
  0x1128, 0x1128, 0x1128, 0x1128, 0x1928, 0x1128, 0x0928, 0x4967, 0xC1C5, 0xE9E4, 0xD9E4, 0xD1E5,
  0xD9C4, 0xD9A4, 0xDA45, 0xE3E7, 0xED6A, 0xEDEA, 0xF5EA, 0xDD29, 0x8B46, 0xF5AA, 0xEDAA, 0xE56A,
  0xE56A, 0x8B46, 0x6A85, 0xFE6C, 0xE56A, 0xFE0B, 0x5A24, 0x9BC7, 0xFDEB, 0xFDEB, 0x5204, 0xAC07,
  0x49E3, 0xCCE9, 0xF5CA, 0xED8A, 0xEDAA, 0xED8A, 0xFDEB, 0x41A3, 0xCCE9, 0xDD49, 0x20C1, 0xEDAA,
  0xEDAA, 0xED8A, 0x9386, 0xA3E7, 0xF5EA, 0xEDEA, 0xEDCA, 0xE4C9, 0xDB26, 0xD9E4, 0xD9A4, 0xD9E4,
  0xD1E5, 0xD9E4, 0xE9E4, 0xC1C5, 0x4967, 0x0928, 0x1128, 0x1928, 0x1128, 0x1128, 0x1128, 0x1128,
  0x1128, 0x1128, 0x1128, 0x1128, 0x1128, 0x1128, 0x1128, 0x1128, 0x1128, 0x1128, 0x1128, 0x1128,
  0x1128, 0x1128, 0x1128, 0x1128, 0x1128, 0x1128, 0x1128, 0x1128, 0x1128, 0x1128, 0x1128, 0x1128,
  0x1128, 0x1128, 0x1128, 0x1128, 0x1128, 0x1128, 0x1128, 0x1128, 0x1128, 0x1128, 0x1128, 0x1128,
  0x1128, 0x1128, 0x1128, 0x1128, 0x1128, 0x1128, 0x1128, 0x1128, 0x1128, 0x1128, 0x1128, 0x1128,
  0x1128, 0x1128, 0x1128, 0x1928, 0x0928, 0x1928, 0x91A6, 0xE1E4, 0xE1E4, 0xD1E5, 0xD9C4, 0xD984,
  0xDA45, 0xE408, 0xF5CA, 0xFE4B, 0xEDAA, 0xED6A, 0xF5EA, 0xBC68, 0x0000, 0x7AE5, 0xFE0B, 0xE58A,
  0xFE0B, 0xC4A8, 0x3983, 0xF5CA, 0xE58A, 0xFE0B, 0x6A85, 0x8326, 0xFE2B, 0xD4E9, 0x18A1, 0x5A44,
  0x20E1, 0x8B46, 0xFE0B, 0xE58A, 0xEDAA, 0xEDAA, 0xE58A, 0x20E2, 0x5204, 0x51E3, 0x72C5, 0xF5CA,
  0xEDAA, 0x49C3, 0x6264, 0x5A24, 0x7AE5, 0xFDEB, 0xED8A, 0xEDCA, 0xF60B, 0xED09, 0xE346, 0xD9C4,
  0xD9A4, 0xD9E5, 0xD1E5, 0xE1E4, 0xE1E4, 0x89A6, 0x1928, 0x0928, 0x1928, 0x1128, 0x1128, 0x1128,
  0x1128, 0x1128, 0x1128, 0x1128, 0x1128, 0x1128, 0x1128, 0x1128, 0x1128, 0x1128, 0x1128, 0x1128,
  0x1128, 0x1128, 0x1128, 0x1128, 0x1128, 0x1128, 0x1128, 0x1128, 0x1128, 0x1128, 0x1128, 0x1128,
  0x1128, 0x1128, 0x1128, 0x1128, 0x1128, 0x1128, 0x1128, 0x1128, 0x1128, 0x1128, 0x1128, 0x1128,
  0x1128, 0x1128, 0x1128, 0x1128, 0x1128, 0x1128, 0x1128, 0x1128, 0x1128, 0x1128, 0x1128, 0x1128,
  0x1128, 0x1928, 0x1928, 0x0928, 0x4147, 0xC1C5, 0xE9E4, 0xD9E4, 0xD9E5, 0xD9A4, 0xD9E5, 0xE3C7,
  0xED8A, 0xFE4B, 0xC4A8, 0x9BA7, 0xE58A, 0xEDAA, 0xFDEB, 0xA3E7, 0x7AE5, 0x6264, 0x9386, 0xFE2B,
  0xED8A, 0xE56A, 0x3122, 0xD509, 0xEDAA, 0xFE0B, 0x7B05, 0x6265, 0xFE8C, 0x8326, 0x6AA5, 0xF62B,
  0xB448, 0x49C3, 0xF5CB, 0xED8A, 0xE58A, 0xF5EB, 0xB448, 0x3983, 0xB468, 0x2922, 0xF5CA, 0xFE0B,
  0xA3C7, 0x3963, 0xFE6B, 0xE56A, 0x3142, 0xE58A, 0xEDAA, 0xE56A, 0xCCE9, 0xEDCA, 0xEDEA, 0xE4C9,
  0xDAC6, 0xD9A4, 0xD9C4, 0xD9E5, 0xD9E4, 0xE9E4, 0xC1C5, 0x4147, 0x0928, 0x1928, 0x1928, 0x1128,
  0x1128, 0x1128, 0x1128, 0x1128, 0x1128, 0x1128, 0x1128, 0x1128, 0x1128, 0x1128, 0x1128, 0x1128,
  0x1128, 0x1128, 0x1128, 0x1128, 0x1128, 0x1128, 0x1128, 0x1128, 0x1128, 0x1128, 0x1128, 0x1128,
  0x1128, 0x1128, 0x1128, 0x1128, 0x1128, 0x1128, 0x1128, 0x1128, 0x1128, 0x1128, 0x1128, 0x1128,
  0x1128, 0x1128, 0x1128, 0x1128, 0x1128, 0x1128, 0x1128, 0x1128, 0x1128, 0x1128, 0x1128, 0x1128,
  0x1928, 0x1128, 0x0928, 0x6986, 0xD9E4, 0xE1E4, 0xD1E5, 0xD9C4, 0xD9A4, 0xDAE6, 0xED29, 0xEDEB,
  0xE58A, 0x6A84, 0x5A44, 0x5204, 0x5A24, 0xF5CA, 0xF5EB, 0xA3E7, 0x41A3, 0x6A85, 0x0860, 0xB448,
  0xF5CA, 0xF5CA, 0x5A44, 0xBC88, 0xF5CB, 0xEDAA, 0xDD29, 0xD4E8, 0xFDCA, 0xED69, 0xF5A9, 0xFDC9,
  0xFDC9, 0xED49, 0xF5A9, 0xF5A9, 0xEDAA, 0xFDEA, 0xB448, 0x8346, 0xFE4B, 0x3983, 0xBC68, 0xFE6B,
  0x6264, 0x8B66, 0xFE8C, 0xB468, 0x3983, 0xF5CA, 0xFE0B, 0x7B05, 0x1081, 0xED8A, 0xED8A, 0xF60B,
  0xEDEA, 0xE448, 0xDA25, 0xD9A4, 0xD9E5, 0xD1E5, 0xE1E4, 0xD9E4, 0x6966, 0x0928, 0x1128, 0x1928,
  0x1128, 0x1128, 0x1128, 0x1128, 0x1128, 0x1128, 0x1128, 0x1128, 0x1128, 0x1128, 0x1128, 0x1128,
  0x1128, 0x1128, 0x1128, 0x1128, 0x1128, 0x1128, 0x1128, 0x1128, 0x1128, 0x1128, 0x1128, 0x1128,
  0x1128, 0x1128, 0x1128, 0x1128, 0x1128, 0x1128, 0x1128, 0x1128, 0x1128, 0x1128, 0x1128, 0x1128,
  0x1128, 0x1128, 0x1128, 0x1128, 0x1128, 0x1128, 0x1128, 0x1128, 0x1128, 0x1128, 0x1128, 0x1928,
  0x1128, 0x1128, 0x91A6, 0xE9E4, 0xD9E4, 0xD9E5, 0xD9A4, 0xDA05, 0xE428, 0xFE2B, 0xF5CA, 0xED8A,
  0xEDAA, 0x20C1, 0xCCE9, 0xD529, 0x4183, 0xFDEB, 0xFDEB, 0x9BC7, 0x2922, 0xCCE9, 0xAC28, 0x6285,
  0xEDCA, 0xFE0A, 0xA3A6, 0xB406, 0xFE0A, 0xE58A, 0xE5AC, 0xD58D, 0xBD4E, 0xB54F, 0xAD4F, 0xA530,
  0xA530, 0xAD4F, 0xB54E, 0xC56D, 0xD56C, 0xE58B, 0xF5CA, 0xFDE9, 0xFDC9, 0xCCC8, 0xCCE9, 0xFE2B,
  0x9387, 0x49E3, 0xD54A, 0x3142, 0x8B66, 0xFE2B, 0xD529, 0x20E2, 0x3983, 0xEDAA, 0xF5EB, 0xB448,
  0xDD49, 0xEDEB, 0xED6A, 0xE326, 0xD184, 0xD9C4, 0xD9E5, 0xD9E4, 0xE9E4, 0x8986, 0x1128, 0x1128,
  0x1928, 0x1128, 0x1128, 0x1128, 0x1128, 0x1128, 0x1128, 0x1128, 0x1128, 0x1128, 0x1128, 0x1128,
  0x1128, 0x1128, 0x1128, 0x1128, 0x1128, 0x1128, 0x1128, 0x1128, 0x1128, 0x1128, 0x1128, 0x1128,
  0x1128, 0x1128, 0x1128, 0x1128, 0x1128, 0x1128, 0x1128, 0x1128, 0x1128, 0x1128, 0x1128, 0x1128,
  0x1128, 0x1128, 0x1128, 0x1128, 0x1128, 0x1128, 0x1128, 0x1128, 0x1128, 0x1128, 0x1928, 0x1128,
  0x1928, 0xA9A5, 0xE9E4, 0xD1E4, 0xD9E5, 0xD984, 0xDAC6, 0xED49, 0xFE6B, 0xA3E7, 0x5A44, 0xED8A,
  0xFE0B, 0x9BC7, 0x2902, 0x51E3, 0x2902, 0xB448, 0xFE0B, 0x9BC7, 0x8346, 0xFE4B, 0xF5CA, 0xFDE9,
  0xF589, 0xE5CC, 0x7C0C, 0x5C10, 0x6D15, 0x44B7, 0x3498, 0x2479, 0x247A, 0x1C7A, 0x1C7A, 0x1C7A,
  0x1C7A, 0x1C7A, 0x1C7A, 0x247A, 0x2C99, 0x3C98, 0x4CB6, 0x6CF4, 0x9D30, 0xCD8E, 0xEDAB, 0xF5A9,
  0xFDC9, 0x8B46, 0x49E4, 0x8326, 0xEDAA, 0xFE0B, 0x6264, 0x5204, 0x72E5, 0xFE0B, 0x6A85, 0x0000,
  0xAC27, 0xF5CA, 0xEDAA, 0xEDEA, 0xF488, 0xDA05, 0xD9A4, 0xD9E5, 0xD1E4, 0xE9E4, 0xA9A5, 0x1928,
  0x1128, 0x1928, 0x1128, 0x1128, 0x1128, 0x1128, 0x1128, 0x1128, 0x1128, 0x1128, 0x1128, 0x1128,
  0x1128, 0x1128, 0x1128, 0x1128, 0x1128, 0x1128, 0x1128, 0x1128, 0x1128, 0x1128, 0x1128, 0x1128,
  0x1128, 0x1128, 0x1128, 0x1128, 0x1128, 0x1128, 0x1128, 0x1128, 0x1128, 0x1128, 0x1128, 0x1128,
  0x1128, 0x1128, 0x1128, 0x1128, 0x1128, 0x1128, 0x1128, 0x1128, 0x1128, 0x1928, 0x0928, 0x2128,
  0xB9C5, 0xE1E4, 0xD1E5, 0xD9C4, 0xD9A4, 0xE387, 0xEDCA, 0xF5CA, 0x72A5, 0x5204, 0xDD49, 0xED8A,
  0xE58A, 0xF5CA, 0x20E2, 0xB428, 0xC4A8, 0x3963, 0xCCE9, 0xF5CA, 0xFDA9, 0xF5A9, 0xCD6C, 0x8D11,
  0x5CD6, 0x2C99, 0x24BA, 0x1C9B, 0x1C7A, 0x249A, 0x249A, 0x2C99, 0x2C99, 0x2C99, 0x2C99, 0x2C99,
  0x2C99, 0x2C99, 0x2C99, 0x2C99, 0x2C99, 0x249A, 0x247A, 0x1C7A, 0x1C7A, 0x247A, 0x3C98, 0x6CF4,
  0xAD4F, 0xF5EB, 0xFDE9, 0xFDEA, 0xF5CB, 0xBC88, 0x3142, 0xAC07, 0x6264, 0x6A85, 0x3983, 0x49C3,
  0xF5CA, 0xED8A, 0xED8A, 0xE56A, 0xBCC8, 0xDCC9, 0xE285, 0xD9A4, 0xD9E5, 0xD1E4, 0xE1E4, 0xB9C5,
  0x2128, 0x0928, 0x1928, 0x1128, 0x1128, 0x1128, 0x1128, 0x1128, 0x1128, 0x1128, 0x1128, 0x1128,
  0x1128, 0x1128, 0x1128, 0x1128, 0x1128, 0x1128, 0x1128, 0x1128, 0x1128, 0x1128, 0x1128, 0x1128,
  0x1128, 0x1128, 0x1128, 0x1128, 0x1128, 0x1128, 0x1128, 0x1128, 0x1128, 0x1128, 0x1128, 0x1128,
  0x1128, 0x1128, 0x1128, 0x1128, 0x1128, 0x1128, 0x1128, 0x1128, 0x1928, 0x0928, 0x2148, 0xC1C5,
  0xE1E4, 0xD1E5, 0xD9C4, 0xD9C4, 0xE428, 0xEDCA, 0xE58A, 0xF5EB, 0x41A3, 0x8326, 0xA3C7, 0x6264,
  0xFDEB, 0xFE2B, 0x9BA7, 0x5204, 0xFE4B, 0xF5AA, 0xF5A9, 0xE58B, 0xA530, 0x54D6, 0x2499, 0x1C7A,
  0x1C7A, 0x2C9A, 0x2C99, 0x2C99, 0x2479, 0x1C59, 0x1C59, 0x1C59, 0x1C59, 0x1C59, 0x1C59, 0x1C59,
  0x1C59, 0x1C59, 0x1C59, 0x1C59, 0x1C59, 0x1C59, 0x2479, 0x2C99, 0x2C99, 0x2C99, 0x249A, 0x1C7A,
  0x1C7A, 0x3498, 0x74F3, 0xC54D, 0xFDCA, 0xDD08, 0xD509, 0x9BA7, 0x1061, 0xB448, 0x41A3, 0xB448,
  0xF5EB, 0xE58A, 0xFE2B, 0xD529, 0x6A85, 0x8B86, 0xFDEB, 0xDAE6, 0xD984, 0xD9E5, 0xD1E4, 0xE1E4,
  0xC1C5, 0x2148, 0x0928, 0x1928, 0x1128, 0x1128, 0x1128, 0x1128, 0x1128, 0x1128, 0x1128, 0x1128,
  0x1128, 0x1128, 0x1128, 0x1128, 0x1128, 0x1128, 0x1128, 0x1128, 0x1128, 0x1128, 0x1128, 0x1128,
  0x1128, 0x1128, 0x1128, 0x1128, 0x1128, 0x1128, 0x1128, 0x1128, 0x1128, 0x1128, 0x1128, 0x1128,
  0x1128, 0x1128, 0x1128, 0x1128, 0x1128, 0x1128, 0x1128, 0x1928, 0x1128, 0x2148, 0xC1C5, 0xE1E4,
  0xD1E5, 0xD9C4, 0xDA05, 0xE4A9, 0xFE4B, 0xFDEB, 0xFDEB, 0xEDAA, 0xE58A, 0x1061, 0x5A24, 0xFE2B,
  0xC4A8, 0xCCE9, 0xEDAA, 0xD529, 0xFDA9, 0xDD8B, 0x8D12, 0x3C98, 0x1C7A, 0x1C7A, 0x2C99, 0x2C99,
  0x2479, 0x1C59, 0x1C59, 0x2479, 0x34DA, 0x553B, 0x75BB, 0x963C, 0xA69D, 0xB6DD, 0xC6FE, 0xC71E,
  0xC71E, 0xBEFE, 0xAEBD, 0x9E7D, 0x85FC, 0x659B, 0x451A, 0x2C99, 0x1C59, 0x1C59, 0x2479, 0x2C99,
  0x2C99, 0x249A, 0x1C7A, 0x247A, 0x5CD5, 0xBD6F, 0xFE0A, 0xD4C8, 0xD52A, 0x8B66, 0x41C3, 0xFE0B,
  0xF5CA, 0xFE0B, 0x93A7, 0x20E2, 0x6AA5, 0xDD4A, 0xEDAA, 0xEDCA, 0xE367, 0xD984, 0xD9E5, 0xD1E4,
  0xE1E4, 0xC1C5, 0x2128, 0x1128, 0x1928, 0x1128, 0x1128, 0x1128, 0x1128, 0x1128, 0x1128, 0x1128,
  0x1128, 0x1128, 0x1128, 0x1128, 0x1128, 0x1128, 0x1128, 0x1128, 0x1128, 0x1128, 0x1128, 0x1128,
  0x1128, 0x1128, 0x1128, 0x1128, 0x1128, 0x1128, 0x1128, 0x1128, 0x1128, 0x1128, 0x1128, 0x1128,
  0x1128, 0x1128, 0x1128, 0x1128, 0x1128, 0x1128, 0x1928, 0x1128, 0x1928, 0xB9C5, 0xE1E4, 0xD1E5,
  0xD9C4, 0xDA25, 0xE509, 0xFE4B, 0x9BA7, 0x5A24, 0x8326, 0xEDAA, 0xFE0B, 0xA3E7, 0x41A3, 0x8B86,
  0x41A3, 0xCCE9, 0xFDC9, 0xEDAA, 0x9511, 0x3498, 0x1C7A, 0x249A, 0x2C99, 0x2C99, 0x1C59, 0x1C59,
  0x34BA, 0x657B, 0x9E7D, 0xCF3E, 0xF7BF, 0xFFFF, 0xFFFF, 0xFFFF, 0xFFFF, 0xFFFF, 0xFFFF, 0xFFFF,
  0xFFFF, 0xFFFF, 0xFFFF, 0xFFFF, 0xFFFF, 0xFFFF, 0xFFFF, 0xE79F, 0xBEDD, 0x85FC, 0x4D1A, 0x2479,
  0x1C59, 0x2479, 0x2C99, 0x2C99, 0x1C7A, 0x1C7A, 0x54B6, 0xC56E, 0xFE0A, 0xB447, 0xCCE9, 0xF5EB,
  0xC4A8, 0x3962, 0x72C5, 0x5A44, 0x93A6, 0xFE2B, 0xE58A, 0xED8A, 0xEDEA, 0xE3A7, 0xD9A4, 0xD9E4,
  0xD1E4, 0xE1E4, 0xB9C5, 0x1928, 0x1128, 0x1928, 0x1128, 0x1128, 0x1128, 0x1128, 0x1128, 0x1128,
  0x1128, 0x1128, 0x1128, 0x1128, 0x1128, 0x1128, 0x1128, 0x1128, 0x1128, 0x1128, 0x1128, 0x1128,
  0x1128, 0x1128, 0x1128, 0x1128, 0x1128, 0x1128, 0x1128, 0x1128, 0x1128, 0x1128, 0x1128, 0x1128,
  0x1128, 0x1128, 0x1128, 0x1128, 0x1128, 0x1928, 0x1128, 0x1128, 0xA9A5, 0xE1E4, 0xD1E5, 0xD9C4,
  0xDA25, 0xE509, 0xF60B, 0x6A85, 0x5A24, 0xC4C9, 0x41A3, 0x5A24, 0xF5EB, 0xFDEB, 0x6264, 0x6264,
  0xF5CA, 0xFDE9, 0xAD2F, 0x44B7, 0x1C7A, 0x249A, 0x2C99, 0x2479, 0x1C59, 0x2499, 0x657B, 0xAEBD,
  0xEFBF, 0xFFFF, 0xFFFF, 0xFFFF, 0xFFFF, 0xFFFF, 0xFFFF, 0xFFFF, 0xFFFF, 0xFFFF, 0xFFFF, 0xFFFF,
  0xFFFF, 0xFFFF, 0xFFFF, 0xFFFF, 0xFFFF, 0xFFFF, 0xFFFF, 0xFFFF, 0xFFFF, 0xFFFF, 0xFFFF, 0xD75E,
  0x8E1C, 0x3CDA, 0x1C59, 0x1C59, 0x2C99, 0x2C99, 0x1C7A, 0x1C7A, 0x6CD4, 0xE5CC, 0xFE0A, 0xC4A9,
  0x3983, 0x49E3, 0x7AE5, 0x49C3, 0xD509, 0xEDAA, 0xED8A, 0xF5CA, 0xEDAA, 0xEDEA, 0xE3C7, 0xD9A4,
  0xD9E5, 0xD1E4, 0xE1E4, 0xA9A5, 0x1128, 0x1128, 0x1928, 0x1128, 0x1128, 0x1128, 0x1128, 0x1128,
  0x1128, 0x1128, 0x1128, 0x1128, 0x1128, 0x1128, 0x1128, 0x1128, 0x1128, 0x1128, 0x1128, 0x1128,
  0x1128, 0x1128, 0x1128, 0x1128, 0x1128, 0x1128, 0x1128, 0x1128, 0x1128, 0x1128, 0x1128, 0x1128,
  0x1128, 0x1128, 0x1128, 0x1128, 0x1128, 0x1928, 0x0928, 0x91A6, 0xE9E4, 0xD1E5, 0xD9C4, 0xDA05,
  0xED09, 0xF5EB, 0xF5CA, 0x6AA5, 0x49C3, 0xFE4B, 0xF5EB, 0x3962, 0xBC68, 0xF5EB, 0xEDAB, 0xFE0A,
  0xE58B, 0x6CD4, 0x1C7A, 0x247A, 0x2C99, 0x2499, 0x1C59, 0x2CBA, 0x85FC, 0xDF5E, 0xFFFF, 0xFFFF,
  0xFFFF, 0xFFFF, 0xFFFF, 0xFFFF, 0xFFFF, 0xFFFF, 0xFFFF, 0xFFFF, 0xFFFF, 0xFFFF, 0xFFFF, 0xFFFF,
  0xFFFF, 0xFFFF, 0xFFFF, 0xFFFF, 0xFFFF, 0xFFFF, 0xFFFF, 0xFFFF, 0xFFFF, 0xFFFF, 0xFFFF, 0xFFFF,
  0xFFFF, 0xFFFF, 0xB6BD, 0x553B, 0x1C59, 0x1C59, 0x2C99, 0x2C99, 0x1C7A, 0x3498, 0xA530, 0xF589,
  0xED8A, 0xFE4C, 0x6264, 0x4183, 0xFE0B, 0xE58A, 0xFE0B, 0x6264, 0x9366, 0xFDEB, 0xE5CA, 0xE3A7,
  0xD984, 0xD9E5, 0xD1E4, 0xE9E4, 0x8986, 0x0928, 0x1928, 0x1128, 0x1128, 0x1128, 0x1128, 0x1128,
  0x1128, 0x1128, 0x1128, 0x1128, 0x1128, 0x1128, 0x1128, 0x1128, 0x1128, 0x1128, 0x1128, 0x1128,
  0x1128, 0x1128, 0x1128, 0x1128, 0x1128, 0x1128, 0x1128, 0x1128, 0x1128, 0x1128, 0x1128, 0x1128,
  0x1128, 0x1128, 0x1128, 0x1128, 0x1928, 0x0928, 0x6966, 0xE9E4, 0xD1E5, 0xD9C4, 0xD9E4, 0xE4C9,
  0xEDEB, 0xCCC9, 0xED8A, 0xFE2B, 0x5204, 0x49E3, 0xFE6C, 0x5204, 0xB448, 0xF5EB, 0xF5A9, 0xB54E,
  0x3C98, 0x1C7A, 0x2C99, 0x2C99, 0x1C59, 0x2C99, 0x85FC, 0xE79F, 0xFFFF, 0xFFFF, 0xFFFF, 0xFFFF,
  0xFFFF, 0xFFFF, 0xFFFF, 0xFFFF, 0xFFFF, 0xFFFF, 0xFFFF, 0xFFFF, 0xFFFF, 0xFFFF, 0xFFFF, 0xFFFF,
  0xFFFF, 0xFFFF, 0xFFFF, 0xFFFF, 0xFFFF, 0xFFFF, 0xFFFF, 0xFFFF, 0xFFFF, 0xD73D, 0x6D7A, 0x4CF9,
  0x5519, 0xA67C, 0xFFFF, 0xFFFF, 0xBEFE, 0x553B, 0x1C59, 0x2479, 0x2C99, 0x247A, 0x1C7A, 0x6CF4,
  0xE58A, 0xFE0A, 0x7B06, 0x8B46, 0xFE2B, 0xF5EB, 0x6264, 0x0000, 0x9366, 0xFE4B, 0xF5CA, 0xEDCA,
  0xE347, 0xD984, 0xD9E5, 0xD1E4, 0xE9E4, 0x6966, 0x0928, 0x1928, 0x1128, 0x1128, 0x1128, 0x1128,
  0x1128, 0x1128, 0x1128, 0x1128, 0x1128, 0x1128, 0x1128, 0x1128, 0x1128, 0x1128, 0x1128, 0x1128,
  0x1128, 0x1128, 0x1128, 0x1128, 0x1128, 0x1128, 0x1128, 0x1128, 0x1128, 0x1128, 0x1128, 0x1128,
  0x1128, 0x1128, 0x1128, 0x1928, 0x0928, 0x4147, 0xD9E4, 0xD9E4, 0xD9E5, 0xD9A4, 0xE448, 0xFE6C,
  0x72A5, 0x7AE5, 0xFE4B, 0xED8A, 0xF5CA, 0x49C3, 0x3142, 0x72C5, 0xF5CA, 0xF5A9, 0x9511, 0x247A,
  0x247A, 0x2C99, 0x2479, 0x1C59, 0x657B, 0xDF5E, 0xFFFF, 0xFFFF, 0xFFFF, 0xFFFF, 0xFFFF, 0xFFFF,
  0xFFFF, 0xFFFF, 0xFFFF, 0xFFFF, 0xFFFF, 0xFFFF, 0xFFFF, 0xFFFF, 0xFFFF, 0xFFFF, 0xFFFF, 0xFFFF,
  0xFFFF, 0xFFFF, 0xFFFF, 0xFFFF, 0xFFFF, 0xFFFF, 0xFFFF, 0xFFFF, 0xC6FD, 0x2458, 0x1C59, 0x2479,
  0x1C79, 0x1418, 0x759A, 0xFFFF, 0xFFFF, 0xFFFF, 0xA69D, 0x34BA, 0x1C59, 0x2C99, 0x2C99, 0x1C7A,
  0x44B7, 0xCD8C, 0xE548, 0xDD6A, 0xEDAA, 0x49C3, 0x5A24, 0x5204, 0xD529, 0xAC27, 0x9386, 0xFDEB,
  0xEDAA, 0xDAE6, 0xD9A4, 0xD9E5, 0xD9E4, 0xD9E4, 0x4147, 0x0928, 0x1928, 0x1128, 0x1128, 0x1128,
  0x1128, 0x1128, 0x1128, 0x1128, 0x1128, 0x1128, 0x1128, 0x1128, 0x1128, 0x1128, 0x1128, 0x1128,
  0x1128, 0x1128, 0x1128, 0x1128, 0x1128, 0x1128, 0x1128, 0x1128, 0x1128, 0x1128, 0x1128, 0x1128,
  0x1128, 0x1128, 0x1928, 0x1128, 0x1928, 0xC1C5, 0xE1E4, 0xD9E5, 0xD984, 0xE3A7, 0xFE4B, 0x8326,
  0x5A44, 0xFE2B, 0x8B66, 0xDD49, 0xFE0B, 0xE56A, 0x8346, 0xF5CA, 0xF5AA, 0x74F4, 0x1C7B, 0x2C99,
  0x2C99, 0x1C59, 0x34BA, 0xAEBD, 0xFFFF, 0xFFFF, 0xFFFF, 0xFFFF, 0xFFFF, 0xFFFF, 0xFFFF, 0xFFFF,
  0xFFFF, 0xFFFF, 0xFFFF, 0xFFFF, 0xFFFF, 0xFFFF, 0xFFFF, 0xFFFF, 0xFFFF, 0xFFFF, 0xFFFF, 0xFFFF,
  0xFFFF, 0xFFFF, 0xFFFF, 0xFFFF, 0xFFFF, 0xFFFF, 0xFFFF, 0xFFDF, 0x44D9, 0x1C79, 0x2C99, 0x2C99,
  0x2C99, 0x2C9A, 0x1438, 0xC6DD, 0xFFFF, 0xFFFF, 0xFFFF, 0xEFBF, 0x6DBB, 0x1C59, 0x2479, 0x2C99,
  0x1C7A, 0x2C99, 0xB54E, 0xFE2A, 0x8B66, 0x5A24, 0xED8A, 0x5A24, 0xA3C7, 0x18A1, 0xBC88, 0xF5CA,
  0xEDAA, 0xED8A, 0xDA45, 0xD9A4, 0xD9E5, 0xE1E4, 0xC1C5, 0x1928, 0x1128, 0x1928, 0x1128, 0x1128,
  0x1128, 0x1128, 0x1128, 0x1128, 0x1128, 0x1128, 0x1128, 0x1128, 0x1128, 0x1128, 0x1128, 0x1128,
  0x1128, 0x1128, 0x1128, 0x1128, 0x1128, 0x1128, 0x1128, 0x1128, 0x1128, 0x1128, 0x1128, 0x1128,
  0x1128, 0x1128, 0x1928, 0x0928, 0x91A6, 0xE9E4, 0xD1E5, 0xD9A4, 0xDAE6, 0xEDAA, 0xF5EB, 0x6AA5,
  0x41A3, 0x7AE5, 0x72C5, 0xFDEB, 0xAC28, 0xE58A, 0xFE0B, 0xEDAA, 0x5CD5, 0x147B, 0x2C99, 0x2C99,
  0x1459, 0x5D5B, 0xE79F, 0xFFFF, 0xFFFF, 0xFFFF, 0xFFFF, 0xFFFF, 0xFFFF, 0xFFFF, 0xFFFF, 0xFFFF,
  0xFFFF, 0xFFFF, 0xFFFF, 0xFFFF, 0xFFFF, 0xFFFF, 0xFFFF, 0xFFFF, 0xFFFF, 0xFFFF, 0xFFFF, 0xFFFF,
  0xFFFF, 0xFFFF, 0xFFFF, 0xFFFF, 0xFFFF, 0xFFFF, 0xFFFF, 0xD73D, 0x2459, 0x2C99, 0x2499, 0x2499,
  0x2499, 0x2C99, 0x1C59, 0x85DB, 0xFFFF, 0xFFFF, 0xFFFF, 0xFFFF, 0xFFFF, 0xAE9D, 0x2C99, 0x1C79,
  0x2C99, 0x247A, 0x247A, 0xA54F, 0xF589, 0xFE0B, 0xB448, 0x18C1, 0x2922, 0xCCE9, 0xFE0B, 0xE58A,
  0xE56A, 0xEDCA, 0xE4E9, 0xD9C4, 0xD9E4, 0xD1E5, 0xE9E4, 0x89A6, 0x0928, 0x1928, 0x1128, 0x1128,
  0x1128, 0x1128, 0x1128, 0x1128, 0x1128, 0x1128, 0x1128, 0x1128, 0x1128, 0x1128, 0x1128, 0x1128,
  0x1128, 0x1128, 0x1128, 0x1128, 0x1128, 0x1128, 0x1128, 0x1128, 0x1128, 0x1128, 0x1128, 0x1128,
  0x1128, 0x1928, 0x0928, 0x4967, 0xE1E4, 0xD9E5, 0xD9C4, 0xDA25, 0xED6A, 0xF5EB, 0xED8A, 0xFE0B,
  0x8346, 0x0000, 0xDD49, 0x8B46, 0x5A44, 0xF5EA, 0xE58A, 0x5CD6, 0x1C7A, 0x2C99, 0x2C99, 0x1C59,
  0x85FC, 0xFFFF, 0xFFFF, 0xFFFF, 0xFFFF, 0xFFFF, 0xFFFF, 0xFFFF, 0xFFFF, 0xFFFF, 0xFFFF, 0xFFFF,
  0xFFFF, 0xFFFF, 0xFFFF, 0xFFFF, 0xFFFF, 0xFFFF, 0xFFFF, 0xFFFF, 0xFFFF, 0xFFFF, 0xFFFF, 0xFFFF,
  0xFFFF, 0xFFFF, 0xFFFF, 0xFFFF, 0xFFFF, 0xFFFF, 0xFFFF, 0xD73D, 0x2459, 0x2C99, 0x2499, 0x2499,
  0x2499, 0x2C99, 0x1C59, 0x7DDB, 0xFFFF, 0xFFFF, 0xFFFF, 0xFFFF, 0xFFFF, 0xFFFF, 0xD75E, 0x44FA,
  0x1C59, 0x2C99, 0x2499, 0x1C7A, 0xA530, 0xFE0A, 0x8B66, 0x18C1, 0xDD29, 0xF5CA, 0xED8A, 0xF5EB,
  0xFE6B, 0xA3E7, 0xB488, 0xF468, 0xD184, 0xD9E5, 0xD9E4, 0xE1E4, 0x4967, 0x0928, 0x1928, 0x1128,
  0x1128, 0x1128, 0x1128, 0x1128, 0x1128, 0x1128, 0x1128, 0x1128, 0x1128, 0x1128, 0x1128, 0x1128,
  0x1128, 0x1128, 0x1128, 0x1128, 0x1128, 0x1128, 0x1128, 0x1128, 0x1128, 0x1128, 0x1128, 0x1128,
  0x1928, 0x1128, 0x1928, 0xC1C5, 0xE1E4, 0xD9E5, 0xD9A4, 0xE488, 0xF5EB, 0x6A85, 0xDD29, 0xF5EB,
  0xFE0B, 0xAC27, 0x18A1, 0x5224, 0xF5CA, 0xF5AA, 0x5CD5, 0x1C7A, 0x2C99, 0x2499, 0x1C59, 0xA67D,
  0xFFFF, 0xFFFF, 0xFFFF, 0xFFFF, 0xFFFF, 0xFFFF, 0xFFFF, 0xFFFF, 0xFFFF, 0xFFFF, 0xFFFF, 0xFFFF,
  0xFFFF, 0xFFFF, 0xFFFF, 0xFFFF, 0xFFFF, 0xFFFF, 0xFFFF, 0xFFFF, 0xFFFF, 0xFFFF, 0xFFFF, 0xFFFF,
  0xFFFF, 0xFFFF, 0xFFFF, 0xFFFF, 0xFFFF, 0xFFFF, 0xFFFF, 0xFFDF, 0x3CB9, 0x1C79, 0x2C99, 0x2C99,
  0x2C99, 0x2C9A, 0x1438, 0xB6BC, 0xFFFF, 0xFFFF, 0xFFFF, 0xFFFF, 0xFFFF, 0xFFFF, 0xFFFF, 0xEFBF,
  0x553B, 0x1C59, 0x2C99, 0x2499, 0x1C7A, 0xAD4F, 0xED68, 0xDD4A, 0xFE0B, 0xF5EB, 0xE56A, 0xA407,
  0x7AE5, 0x5224, 0x6A85, 0xD549, 0xE306, 0xD9A4, 0xD9E5, 0xE1E4, 0xC1C5, 0x1928, 0x1128, 0x1928,
  0x1128, 0x1128, 0x1128, 0x1128, 0x1128, 0x1128, 0x1128, 0x1128, 0x1128, 0x1128, 0x1128, 0x1128,
  0x1128, 0x1128, 0x1128, 0x1128, 0x1128, 0x1128, 0x1128, 0x1128, 0x1128, 0x1128, 0x1128, 0x1128,
  0x1928, 0x0928, 0x7986, 0xE9E4, 0xD1E5, 0xD9A4, 0xDB46, 0xFE4B, 0x8B46, 0x7AE5, 0xF5CA, 0xB448,
  0xEDAA, 0xFE0B, 0xC4A8, 0xDD4A, 0xFDCA, 0x6CD4, 0x147B, 0x2C99, 0x2479, 0x2479, 0xB6BD, 0xFFFF,
  0xFFFF, 0xFFFF, 0xFFFF, 0xFFFF, 0xFFFF, 0xFFFF, 0xFFFF, 0xFFFF, 0xFFFF, 0xFFFF, 0xFFFF, 0xFFFF,
  0xFFFF, 0xFFFF, 0xFFFF, 0xFFFF, 0xF7BF, 0xF7BF, 0xF7BF, 0xF7BF, 0xF7BF, 0xF7BF, 0xF7BF, 0xF7BF,
  0xF7BF, 0xF7BF, 0xF7BF, 0xF7BF, 0xF7BF, 0xF7BF, 0xF7BF, 0xF7BF, 0xB69C, 0x1C58, 0x1C59, 0x2479,
  0x2479, 0x1439, 0x6D7A, 0xFFFF, 0xFFFF, 0xFFFF, 0xFFFF, 0xFFFF, 0xFFFF, 0xFFFF, 0xFFFF, 0xFFFF,
  0xF7DF, 0x5D7B, 0x1C59, 0x2C99, 0x2499, 0x247A, 0xBD6E, 0xFDEA, 0xA408, 0x49C3, 0x2902, 0x72E5,
  0x2922, 0x6AA5, 0xEDAA, 0xE58A, 0xED4A, 0xDA05, 0xD9C4, 0xD1E5, 0xE9E4, 0x7986, 0x0928, 0x1928,
  0x1128, 0x1128, 0x1128, 0x1128, 0x1128, 0x1128, 0x1128, 0x1128, 0x1128, 0x1128, 0x1128, 0x1128,
  0x1128, 0x1128, 0x1128, 0x1128, 0x1128, 0x1128, 0x1128, 0x1128, 0x1128, 0x1128, 0x1128, 0x1928,
  0x1128, 0x2947, 0xD1E5, 0xD9E4, 0xD9C4, 0xDA25, 0xED8A, 0xDD6A, 0x1081, 0xBC88, 0x8B46, 0x7AE5,
  0xFDEB, 0xE56A, 0xF5CB, 0xFDC9, 0x8D12, 0x147B, 0x2C99, 0x2499, 0x1C59, 0xB6DD, 0xFFFF, 0xFFFF,
  0xFFFF, 0xFFFF, 0xFFFF, 0xFFFF, 0xFFFF, 0xFFFF, 0xFFFF, 0xFFFF, 0xFFFF, 0xFFFF, 0xFFFF, 0xFFFF,
  0xFFFF, 0xFFFF, 0xEF9E, 0x655A, 0x34B9, 0x3CB9, 0x3CB9, 0x3CB9, 0x3CB9, 0x3CB9, 0x3CB9, 0x3CB9,
  0x3CB9, 0x3CB9, 0x3CB9, 0x3CB9, 0x3CB9, 0x3CB9, 0x3CB9, 0x3499, 0x4D19, 0xA63B, 0x655A, 0x3499,
  0x44F9, 0x8DFA, 0x5D19, 0xC6DD, 0xFFFF, 0xFFFF, 0xFFFF, 0xFFFF, 0xFFFF, 0xFFFF, 0xFFFF, 0xFFFF,
  0xFFFF, 0xFFFF, 0x5D7B, 0x1C59, 0x2C99, 0x247A, 0x2C99, 0xDDAC, 0xC488, 0xAC28, 0x6244, 0x8B66,
  0x5204, 0xEDAA, 0xF5CA, 0xED8A, 0xEDEA, 0xE408, 0xD984, 0xD9E5, 0xD9E4, 0xD1C5, 0x2947, 0x1128,
  0x1928, 0x1128, 0x1128, 0x1128, 0x1128, 0x1128, 0x1128, 0x1128, 0x1128, 0x1128, 0x1128, 0x1128,
  0x1128, 0x1128, 0x1128, 0x1128, 0x1128, 0x1128, 0x1128, 0x1128, 0x1128, 0x1128, 0x1128, 0x1928,
  0x0928, 0x91A6, 0xE9E4, 0xD1E5, 0xD9A4, 0xE428, 0xEDEA, 0xEDAA, 0xB468, 0x2902, 0x18A1, 0xF5CA,
  0xF5CA, 0xE58A, 0xF5A9, 0xB54F, 0x1C7A, 0x2C99, 0x2C99, 0x1C59, 0xAE9D, 0xFFFF, 0xFFFF, 0xFFFF,
  0xFFFF, 0xFFFF, 0xFFFF, 0xFFFF, 0xFFFF, 0xFFFF, 0xFFFF, 0xFFFF, 0xFFFF, 0xFFFF, 0xFFFF, 0xFFFF,
  0xFFFF, 0xFFFF, 0x7DBA, 0x0C19, 0x2499, 0x2479, 0x2479, 0x2479, 0x2479, 0x2479, 0x2479, 0x2479,
  0x2479, 0x2479, 0x2479, 0x2479, 0x2479, 0x2479, 0x2479, 0x2479, 0x1C59, 0x44D9, 0xE77E, 0xFFDF,
  0xFFDF, 0x6D7A, 0x1439, 0x2C78, 0xC6FD, 0xFFFF, 0xFFFF, 0xFFFF, 0xFFFF, 0xFFFF, 0xFFFF, 0xFFFF,
  0xFFFF, 0xFFFF, 0xF7DF, 0x553A, 0x1C59, 0x2C99, 0x1C7A, 0x4CB7, 0xF5CA, 0xFE2B, 0xCCE9, 0x0000,
  0xBC88, 0xF5EB, 0xED8A, 0xEDAA, 0xEDAA, 0xEDAA, 0xDA85, 0xD9A4, 0xD1E5, 0xE9E4, 0x8986, 0x0928,
  0x1928, 0x1128, 0x1128, 0x1128, 0x1128, 0x1128, 0x1128, 0x1128, 0x1128, 0x1128, 0x1128, 0x1128,
  0x1128, 0x1128, 0x1128, 0x1128, 0x1128, 0x1128, 0x1128, 0x1128, 0x1128, 0x1128, 0x1928, 0x1128,
  0x3147, 0xD9E4, 0xD9E4, 0xD9A4, 0xDA86, 0xEDAA, 0xEDAA, 0xED8A, 0xFDEB, 0xED8A, 0x6264, 0x3142,
  0xD509, 0xF5CA, 0xDD8B, 0x3499, 0x247A, 0x2C99, 0x1459, 0x8E3C, 0xFFFF, 0xFFFF, 0xFFFF, 0xFFFF,
  0xFFFF, 0xFFFF, 0xFFFF, 0xFFFF, 0xFFFF, 0xFFFF, 0xFFFF, 0xFFFF, 0xFFFF, 0xFFFF, 0xFFFF, 0xFFFF,
  0xFFFF, 0xFFFF, 0x5D3A, 0x1C59, 0x2CBA, 0x2C99, 0x2C99, 0x2C99, 0x2C99, 0x2C99, 0x2C99, 0x2C99,
  0x2C99, 0x2C99, 0x2C99, 0x2C99, 0x2C99, 0x2C99, 0x2C99, 0x2C99, 0x2C99, 0x1C59, 0x3499, 0xD73D,
  0x759A, 0x1439, 0x2C9A, 0x2479, 0x2478, 0xC6FD, 0xFFFF, 0xFFFF, 0xFFFF, 0xFFFF, 0xFFFF, 0xFFFF,
  0xFFFF, 0xFFFF, 0xFFFF, 0xEFBF, 0x3CDA, 0x2479, 0x2C99, 0x1C7B, 0x74D3, 0xFE0A, 0x7B06, 0x72C5,
  0xFE2B, 0xE58A, 0xEDAA, 0xEDAA, 0xED8A, 0xEDCA, 0xE489, 0xD9A4, 0xD9E5, 0xD9E4, 0xD9E4, 0x3147,
  0x1128, 0x1928, 0x1128, 0x1128, 0x1128, 0x1128, 0x1128, 0x1128, 0x1128, 0x1128, 0x1128, 0x1128,
  0x1128, 0x1128, 0x1128, 0x1128, 0x1128, 0x1128, 0x1128, 0x1128, 0x1128, 0x1128, 0x1928, 0x0928,
  0x91A6, 0xE1E4, 0xD1E5, 0xD9A4, 0xE488, 0xEDCA, 0xED8A, 0xEDAA, 0xED8A, 0xEDAA, 0xFE0B, 0xA407,
  0xCCE9, 0xFDCA, 0x5CD5, 0x1C7A, 0x2C99, 0x1C59, 0x659B, 0xFFFF, 0xFFFF, 0xFFFF, 0xFFFF, 0xFFFF,
  0xFFFF, 0xFFFF, 0xFFFF, 0xFFFF, 0xFFFF, 0xFFFF, 0xFFFF, 0xFFFF, 0xFFFF, 0xFFFF, 0xFFFF, 0xFFFF,
  0xFFFF, 0xFFFF, 0xBEDC, 0x1C38, 0x1439, 0x1C39, 0x1439, 0x1439, 0x1439, 0x1439, 0x1439, 0x1439,
  0x1439, 0x1C39, 0x1439, 0x1C59, 0x2C99, 0x2499, 0x2499, 0x2499, 0x2499, 0x2C99, 0x2479, 0x2478,
  0x2479, 0x2C99, 0x2499, 0x2C99, 0x2479, 0x2478, 0xC6FD, 0xFFFF, 0xFFFF, 0xFFFF, 0xFFFF, 0xFFFF,
  0xFFFF, 0xFFFF, 0xFFFF, 0xFFFF, 0xD73E, 0x2479, 0x2499, 0x2C99, 0x1C7A, 0xB56F, 0xE528, 0xE56A,
  0xEDAA, 0xEDAA, 0xEDAA, 0xEDAA, 0xEDAA, 0xED8A, 0xEDCA, 0xDAE6, 0xD9A4, 0xD1E5, 0xE9E4, 0x8986,
  0x0928, 0x1928, 0x1128, 0x1128, 0x1128, 0x1128, 0x1128, 0x1128, 0x1128, 0x1128, 0x1128, 0x1128,
  0x1128, 0x1128, 0x1128, 0x1128, 0x1128, 0x1128, 0x1128, 0x1128, 0x1128, 0x1928, 0x1128, 0x2947,
  0xD1C5, 0xD9E4, 0xD9A4, 0xDAA6, 0xEDCA, 0xED8A, 0xEDAA, 0xEDAA, 0xEDAA, 0xED8A, 0xED8A, 0xF5EB,
  0xFDC9, 0xA530, 0x1C7A, 0x2C99, 0x2479, 0x3CDA, 0xEFBF, 0xFFFF, 0xFFFF, 0xFFFF, 0xFFFF, 0xFFFF,
  0xFFFF, 0xFFFF, 0xFFFF, 0xFFFF, 0xFFFF, 0xFFFF, 0xFFFF, 0xFFFF, 0xFFFF, 0xFFFF, 0xFFFF, 0xFFFF,
  0xFFFF, 0xFFFF, 0xFFFF, 0xD73D, 0xA65C, 0xA67C, 0xA67C, 0xA67C, 0xA67C, 0xA67C, 0xA67C, 0xA67C,
  0xA67C, 0xA65C, 0xAE7C, 0x85DA, 0x2458, 0x2C9A, 0x2499, 0x2499, 0x2499, 0x2499, 0x2C99, 0x2499,
  0x2C99, 0x2499, 0x2C99, 0x2499, 0x2C99, 0x2479, 0x2478, 0xC6FD, 0xFFFF, 0xFFFF, 0xFFFF, 0xFFFF,
  0xFFFF, 0xFFFF, 0xFFFF, 0xFFFF, 0xFFFF, 0xA67D, 0x1459, 0x2C99, 0x247A, 0x3C98, 0xEDAB, 0xEDAA,
  0xED8A, 0xEDAA, 0xEDAA, 0xEDAA, 0xEDAA, 0xED8A, 0xEDCA, 0xE4C9, 0xD9C4, 0xD9E4, 0xD9E4, 0xD1C5,
  0x2947, 0x1128, 0x1928, 0x1128, 0x1128, 0x1128, 0x1128, 0x1128, 0x1128, 0x1128, 0x1128, 0x1128,
  0x1128, 0x1128, 0x1128, 0x1128, 0x1128, 0x1128, 0x1128, 0x1128, 0x1128, 0x1928, 0x0928, 0x7986,
  0xE9E4, 0xD1E5, 0xD9A4, 0xE468, 0xEDCA, 0xED8A, 0xEDAA, 0xEDAA, 0xEDAA, 0xEDAA, 0xEDAA, 0xED8A,
  0xDD8B, 0x3498, 0x247A, 0x2C99, 0x1C59, 0xC71E, 0xFFFF, 0xFFFF, 0xFFFF, 0xFFFF, 0xFFFF, 0xFFFF,
  0xFFFF, 0xFFFF, 0xFFFF, 0xFFFF, 0xFFFF, 0xFFFF, 0xFFFF, 0xFFFF, 0xFFFF, 0xFFFF, 0xFFFF, 0xFFFF,
  0xFFFF, 0xFFFF, 0xFFFF, 0xFFFF, 0xFFFF, 0xFFFF, 0xFFFF, 0xFFFF, 0xFFFF, 0xFFFF, 0xFFFF, 0xFFFF,
  0xFFFF, 0xFFFF, 0xEFBE, 0x44F9, 0x2479, 0x2C99, 0x2499, 0x2499, 0x2499, 0x2499, 0x2499, 0x2C99,
  0x2499, 0x2C99, 0x2499, 0x2499, 0x2C99, 0x2C99, 0x2479, 0x2478, 0xC6FD, 0xFFFF, 0xFFFF, 0xFFFF,
  0xFFFF, 0xFFFF, 0xFFFF, 0xFFFF, 0xFFFF, 0xFFFF, 0x657B, 0x1C59, 0x2C99, 0x1C7A, 0x7D12, 0xFDA9,
  0xED8A, 0xEDAA, 0xEDAA, 0xEDAA, 0xEDAA, 0xEDAA, 0xED8A, 0xEDCA, 0xDAC6, 0xD9A4, 0xD1E5, 0xE9E4,
  0x7986, 0x0928, 0x1928, 0x1128, 0x1128, 0x1128, 0x1128, 0x1128, 0x1128, 0x1128, 0x1128, 0x1128,
  0x1128, 0x1128, 0x1128, 0x1128, 0x1128, 0x1128, 0x1128, 0x1128, 0x1928, 0x1128, 0x1928, 0xC1C5,
  0xD9E4, 0xD9A4, 0xDA85, 0xEDAA, 0xEDAA, 0xEDAA, 0xEDAA, 0xEDAA, 0xEDAA, 0xEDAA, 0xED8A, 0xFDA9,
  0x7D13, 0x1C7A, 0x2C99, 0x1C59, 0x7DDC, 0xFFFF, 0xFFFF, 0xFFFF, 0xFFFF, 0xFFFF, 0xFFFF, 0xFFFF,
  0xFFFF, 0xFFFF, 0xFFFF, 0xFFFF, 0xFFFF, 0xFFFF, 0xFFFF, 0xFFFF, 0xFFFF, 0xFFFF, 0xFFFF, 0xFFFF,
  0xFFFF, 0xFFFF, 0xFFFF, 0xFFFF, 0xFFFF, 0xFFFF, 0xFFFF, 0xFFFF, 0xFFFF, 0xFFFF, 0xFFFF, 0xFFDF,
  0xFFFF, 0xDF5E, 0x3498, 0x1C59, 0x2C99, 0x2499, 0x2499, 0x2499, 0x2499, 0x2499, 0x2499, 0x2499,
  0x2C99, 0x2479, 0x2C79, 0x2C79, 0x2479, 0x2C99, 0x2C99, 0x2479, 0x2478, 0xC6FD, 0xFFFF, 0xFFFF,
  0xFFFF, 0xFFFF, 0xFFFF, 0xFFFF, 0xFFFF, 0xFFFF, 0xE79F, 0x2C99, 0x2479, 0x2499, 0x2C99, 0xCD6C,
  0xF5AA, 0xEDAA, 0xEDAA, 0xEDAA, 0xEDAA, 0xEDAA, 0xED8A, 0xEDCA, 0xE468, 0xD9A4, 0xD9E5, 0xE1E4,
  0xC1C5, 0x1928, 0x1128, 0x1128, 0x1128, 0x1128, 0x1128, 0x1128, 0x1128, 0x1128, 0x1128, 0x1128,
  0x1128, 0x1128, 0x1128, 0x1128, 0x1128, 0x1128, 0x1128, 0x1128, 0x1928, 0x0928, 0x5167, 0xE1E4,
  0xD9E5, 0xD984, 0xE3E8, 0xEDEA, 0xED8A, 0xEDAA, 0xEDAA, 0xEDAA, 0xEDAA, 0xEDAA, 0xF5AA, 0xD56C,
  0x2C99, 0x2499, 0x2479, 0x34BA, 0xEFBF, 0xFFFF, 0xFFFF, 0xFFFF, 0xFFFF, 0xFFFF, 0xFFFF, 0xFFFF,
  0xFFFF, 0xFFFF, 0xFFFF, 0xFFFF, 0xFFFF, 0xFFFF, 0xFFFF, 0xFFFF, 0xFFFF, 0xFFFF, 0xFFFF, 0xFFFF,
  0xFFFF, 0xFFFF, 0xFFFF, 0xFFFF, 0xFFFF, 0xFFFF, 0xFFFF, 0xFFFF, 0xFFFF, 0xFFFF, 0xFFFF, 0xFFFF,
  0xDF5E, 0x3CB9, 0x1C79, 0x2C99, 0x2499, 0x2499, 0x2499, 0x2499, 0x2499, 0x2499, 0x2499, 0x2C99,
  0x2479, 0x2458, 0xC6FD, 0xC6FD, 0x2458, 0x2499, 0x2C99, 0x2C99, 0x2479, 0x2478, 0xC6FD, 0xFFFF,
  0xFFFF, 0xFFFF, 0xFFFF, 0xFFFF, 0xFFFF, 0xFFFF, 0xFFFF, 0x9E5C, 0x1459, 0x2C99, 0x1C7A, 0x6CF4,
  0xF5A9, 0xED8A, 0xEDAA, 0xEDAA, 0xEDAA, 0xEDAA, 0xEDAA, 0xEDAA, 0xEDAA, 0xDA65, 0xD9C4, 0xD9E5,
  0xE1E4, 0x5167, 0x0928, 0x1928, 0x1128, 0x1128, 0x1128, 0x1128, 0x1128, 0x1128, 0x1128, 0x1128,
  0x1128, 0x1128, 0x1128, 0x1128, 0x1128, 0x1128, 0x1128, 0x1128, 0x1928, 0x0928, 0x99A6, 0xE1E4,
  0xD1C4, 0xDA05, 0xED4A, 0xEDAA, 0xED8A, 0xEDAA, 0xEDAA, 0xEDAA, 0xEDAA, 0xED8A, 0xFDA9, 0x74F3,
  0x1C7A, 0x2C99, 0x1459, 0x9E7D, 0xFFFF, 0xFFFF, 0xFFFF, 0xFFFF, 0xFFFF, 0xFFFF, 0xFFFF, 0xFFFF,
  0xFFFF, 0xFFFF, 0xFFFF, 0xFFFF, 0xFFFF, 0xFFFF, 0xFFFF, 0xFFFF, 0xFFFF, 0xFFFF, 0xFFFF, 0xFFFF,
  0xFFFF, 0xFFFF, 0xFFFF, 0xFFFF, 0xFFFF, 0xFFFF, 0xFFFF, 0xFFFF, 0xFFFF, 0xFFFF, 0xFFFF, 0xDF5D,
  0x3CB9, 0x1C79, 0x2C99, 0x2499, 0x2499, 0x2499, 0x2499, 0x2499, 0x2499, 0x2499, 0x2C99, 0x2479,
  0x2458, 0xC6DD, 0xFFFF, 0xFFFF, 0xBEDC, 0x2458, 0x2499, 0x2C99, 0x2C99, 0x2479, 0x2478, 0xC6FD,
  0xFFFF, 0xFFFF, 0xFFFF, 0xFFFF, 0xFFFF, 0xFFFF, 0xFFFF, 0xF7DF, 0x44FA, 0x2479, 0x2C99, 0x249A,
  0xCD6D, 0xF5A9, 0xEDAA, 0xEDAA, 0xEDAA, 0xEDAA, 0xEDAA, 0xED8A, 0xEDEA, 0xE3C7, 0xD984, 0xD1E5,
  0xE1E4, 0x99A6, 0x0928, 0x1928, 0x1128, 0x1128, 0x1128, 0x1128, 0x1128, 0x1128, 0x1128, 0x1128,
  0x1128, 0x1128, 0x1128, 0x1128, 0x1128, 0x1128, 0x1128, 0x1928, 0x1128, 0x2148, 0xC9C5, 0xD9E4,
  0xD9A4, 0xE326, 0xEDCA, 0xED8A, 0xEDAA, 0xEDAA, 0xEDAA, 0xEDAA, 0xEDAA, 0xF5AA, 0xD58C, 0x2C99,
  0x2499, 0x2479, 0x44FA, 0xF7DF, 0xFFFF, 0xFFFF, 0xFFFF, 0xFFFF, 0xFFFF, 0xFFFF, 0xFFFF, 0xFFFF,
  0xDF5E, 0x5D39, 0x44D9, 0x44D9, 0x44D9, 0x44D9, 0x44D9, 0x44D9, 0x44D9, 0x44D9, 0x44D9, 0x44D9,
  0x44D9, 0x44D9, 0x44D9, 0x44D9, 0x44D9, 0x44F9, 0x44D8, 0x44B8, 0x44B8, 0x44B8, 0x44D9, 0x3499,
  0x2479, 0x2C99, 0x2499, 0x2499, 0x2499, 0x2499, 0x2499, 0x2499, 0x2499, 0x2C99, 0x2479, 0x2458,
  0xC6DD, 0xFFFF, 0xFFFF, 0xFFFF, 0xFFFF, 0xBEDC, 0x2458, 0x2499, 0x2C99, 0x2C99, 0x2479, 0x2478,
  0xC6FD, 0xFFFF, 0xFFFF, 0xFFFF, 0xFFFF, 0xFFFF, 0xFFFF, 0xFFFF, 0xAE9D, 0x1C59, 0x2C99, 0x1C7A,
  0x74F4, 0xFDA9, 0xED8A, 0xEDAA, 0xEDAA, 0xEDAA, 0xEDAA, 0xED8A, 0xEDCA, 0xED09, 0xD9E4, 0xD9E4,
  0xD9E4, 0xC9C5, 0x2148, 0x1128, 0x1928, 0x1128, 0x1128, 0x1128, 0x1128, 0x1128, 0x1128, 0x1128,
  0x1128, 0x1128, 0x1128, 0x1128, 0x1128, 0x1128, 0x1128, 0x1928, 0x0928, 0x5967, 0xE1E4, 0xD9E5,
  0xD9A4, 0xE468, 0xEDEA, 0xED8A, 0xEDAA, 0xEDAA, 0xEDAA, 0xEDAA, 0xED8A, 0xFDA9, 0x8D12, 0x1C7A,
  0x2C99, 0x1459, 0xA67D, 0xFFFF, 0xFFFF, 0xFFFF, 0xFFFF, 0xFFFF, 0xFFFF, 0xFFFF, 0xFFFF, 0xFFFF,
  0x5519, 0x1439, 0x2479, 0x2479, 0x2479, 0x2479, 0x2479, 0x2479, 0x2479, 0x2479, 0x2479, 0x2479,
  0x2479, 0x2479, 0x2479, 0x2479, 0x2479, 0x1C38, 0x1C58, 0x1C59, 0x1C79, 0x1C59, 0x1C38, 0x2479,
  0x2C99, 0x2499, 0x2499, 0x2499, 0x2499, 0x2499, 0x2499, 0x2499, 0x2C99, 0x2479, 0x2458, 0xC6DD,
  0xFFFF, 0xFFFF, 0xFFFF, 0xFFFF, 0xFFFF, 0xFFFF, 0xBEDC, 0x2458, 0x2499, 0x2C99, 0x2C99, 0x2479,
  0x2478, 0xC6FD, 0xFFFF, 0xFFFF, 0xFFFF, 0xFFFF, 0xFFFF, 0xFFFF, 0xFFDF, 0x44FA, 0x2479, 0x2499,
  0x2C99, 0xDD8C, 0xF5AA, 0xEDAA, 0xEDAA, 0xEDAA, 0xEDAA, 0xEDAA, 0xED8A, 0xEDCA, 0xDAC6, 0xD9A4,
  0xD9E5, 0xE1E4, 0x5167, 0x0928, 0x1928, 0x1128, 0x1128, 0x1128, 0x1128, 0x1128, 0x1128, 0x1128,
  0x1128, 0x1128, 0x1128, 0x1128, 0x1128, 0x1128, 0x1128, 0x1928, 0x0928, 0x91A6, 0xE1E4, 0xD1C4,
  0xDA25, 0xED6A, 0xEDAA, 0xEDAA, 0xEDAA, 0xEDAA, 0xEDAA, 0xEDAA, 0xEDAA, 0xEDAA, 0x44B7, 0x247A,
  0x2479, 0x34DA, 0xF7BF, 0xFFFF, 0xFFFF, 0xFFFF, 0xFFFF, 0xFFFF, 0xFFFF, 0xFFFF, 0xFFFF, 0xF7BF,
  0x3499, 0x2C9A, 0x2C99, 0x2C99, 0x2C99, 0x2C99, 0x2C99, 0x2C99, 0x2C99, 0x2C99, 0x2C99, 0x2C99,
  0x2C99, 0x2C99, 0x2C99, 0x2C9A, 0x2478, 0x2478, 0x2C9A, 0x2C99, 0x2C99, 0x2C9A, 0x2C99, 0x2458,
  0x2C99, 0x2C99, 0x2499, 0x2499, 0x2499, 0x2499, 0x2499, 0x2C99, 0x2479, 0x2458, 0xC6DD, 0xFFFF,
  0xFFFF, 0xFFFF, 0xFFFF, 0xFFFF, 0xFFFF, 0xFFFF, 0xFFFF, 0xBEDC, 0x2458, 0x2499, 0x2C99, 0x2C99,
  0x2479, 0x2478, 0xD73D, 0xFFFF, 0xFFFF, 0xFFFF, 0xFFFF, 0xFFFF, 0xFFFF, 0x9E5D, 0x1459, 0x2C99,
  0x1C7A, 0x9531, 0xFDA9, 0xED8A, 0xEDAA, 0xEDAA, 0xEDAA, 0xEDAA, 0xED8A, 0xEDEA, 0xE3E8, 0xD984,
  0xD1E5, 0xE1E4, 0x91A6, 0x0928, 0x1928, 0x1128, 0x1128, 0x1128, 0x1128, 0x1128, 0x1128, 0x1128,
  0x1128, 0x1128, 0x1128, 0x1128, 0x1128, 0x1128, 0x1128, 0x1128, 0x1928, 0xC1C5, 0xE1E4, 0xD9A4,
  0xDB06, 0xEDCA, 0xED8A, 0xEDAA, 0xEDAA, 0xEDAA, 0xEDAA, 0xEDAA, 0xF5A9, 0xB54E, 0x1C7A, 0x2C99,
  0x1C59, 0x85FC, 0xFFFF, 0xFFFF, 0xFFFF, 0xFFFF, 0xFFFF, 0xFFFF, 0xFFFF, 0xFFFF, 0xFFFF, 0xFFFF,
  0x7DBA, 0x0C18, 0x1C59, 0x1459, 0x1459, 0x1459, 0x1459, 0x1459, 0x1C59, 0x1C79, 0x1C59, 0x1C59,
  0x1C59, 0x1C59, 0x1C59, 0x1439, 0x1C38, 0x2C99, 0x2499, 0x2499, 0x2499, 0x2499, 0x2C9A, 0x2458,
  0x1438, 0x1C79, 0x2C99, 0x2499, 0x2499, 0x2499, 0x2C99, 0x2479, 0x2458, 0xC6DD, 0xFFFF, 0xFFFF,
  0xFFFF, 0xFFFF, 0xFFFF, 0xFFFF, 0xFFFF, 0xFFFF, 0xFFFF, 0xFFFF, 0xBEDC, 0x2458, 0x2499, 0x2C99,
  0x2C99, 0x1459, 0x7DDB, 0xFFFF, 0xFFFF, 0xFFFF, 0xFFFF, 0xFFFF, 0xFFFF, 0xEFBF, 0x34BA, 0x2479,
  0x1C7A, 0x4CB6, 0xEDAA, 0xEDAA, 0xEDAA, 0xEDAA, 0xEDAA, 0xEDAA, 0xED8A, 0xEDCA, 0xECE9, 0xD9C4,
  0xD9E4, 0xE1E4, 0xC1C5, 0x1928, 0x1128, 0x1128, 0x1128, 0x1128, 0x1128, 0x1128, 0x1128, 0x1128,
  0x1128, 0x1128, 0x1128, 0x1128, 0x1128, 0x1128, 0x1928, 0x0928, 0x3947, 0xD9E4, 0xD9E5, 0xD984,
  0xE408, 0xEDEA, 0xED8A, 0xEDAA, 0xEDAA, 0xEDAA, 0xEDAA, 0xED8A, 0xFDA9, 0x74F3, 0x1C7A, 0x2C99,
  0x2479, 0xD73E, 0xFFFF, 0xFFFF, 0xFFFF, 0xFFFF, 0xFFFF, 0xFFFF, 0xFFFF, 0xFFFF, 0xFFFF, 0xFFFF,
  0xFFFF, 0xA65C, 0x85DB, 0x85FB, 0x85DB, 0x85DB, 0x85DB, 0x85FB, 0x85DB, 0x6D59, 0x757A, 0x757A,
  0x757A, 0x6D7A, 0x757A, 0x8E1B, 0x3CB8, 0x2479, 0x2C99, 0x2499, 0x2499, 0x2499, 0x2C99, 0x2458,
  0x85DA, 0x5D39, 0x1C59, 0x2C99, 0x2499, 0x2C99, 0x2479, 0x2458, 0xC6DD, 0xFFFF, 0xFFFF, 0xFFFF,
  0xFFFF, 0xFFFF, 0xFFFF, 0xFFFF, 0xFFFF, 0xFFFF, 0xFFFF, 0xFFFF, 0xFFFF, 0xBEDC, 0x2458, 0x2479,
  0x2C9A, 0x0C18, 0x961B, 0xFFFF, 0xFFFF, 0xFFFF, 0xFFFF, 0xFFFF, 0xFFFF, 0xFFFF, 0x6DBB, 0x1C59,
  0x2C99, 0x249A, 0xCD6D, 0xF5A9, 0xEDAA, 0xEDAA, 0xEDAA, 0xEDAA, 0xEDAA, 0xEDAA, 0xEDAA, 0xDA65,
  0xD9C4, 0xD9E4, 0xD9E4, 0x3947, 0x0928, 0x1928, 0x1128, 0x1128, 0x1128, 0x1128, 0x1128, 0x1128,
  0x1128, 0x1128, 0x1128, 0x1128, 0x1128, 0x1128, 0x1928, 0x0928, 0x6166, 0xE1E4, 0xD1E5, 0xD9C4,
  0xECE9, 0xEDCA, 0xED8A, 0xEDAA, 0xEDAA, 0xEDAA, 0xEDAA, 0xEDAA, 0xED8A, 0x44B7, 0x249A, 0x2479,
  0x4D1A, 0xFFFF, 0xFFFF, 0xFFFF, 0xFFFF, 0xFFFF, 0xFFFF, 0xFFFF, 0xFFFF, 0xFFFF, 0xFFFF, 0xFFFF,
  0xFFFF, 0xFFFF, 0xFFFF, 0xFFFF, 0xFFFF, 0xFFFF, 0xFFFF, 0xFFFF, 0xFFFF, 0x8DDA, 0x2C78, 0x44F9,
  0x3CD9, 0x44D9, 0x3499, 0xC6DD, 0x963B, 0x1439, 0x2C99, 0x2499, 0x2499, 0x2C99, 0x2479, 0x44F9,
  0xD71D, 0x3CD9, 0x2479, 0x2C99, 0x2C99, 0x2479, 0x2458, 0xC6DD, 0xFFFF, 0xFFFF, 0xFFFF, 0xFFFF,
  0xFFFF, 0xFFFF, 0xFFFF, 0xFFFF, 0xFFFF, 0xFFFF, 0xFFFF, 0xFFFF, 0xFFFF, 0xFFFF, 0xBEDC, 0x3499,
  0x2459, 0x5D39, 0xF7BF, 0xFFFF, 0xFFFF, 0xFFFF, 0xFFFF, 0xFFFF, 0xFFFF, 0xFFFF, 0xBEDD, 0x1C59,
  0x2C99, 0x1C7A, 0x8D11, 0xFDA9, 0xED8A, 0xEDAA, 0xEDAA, 0xEDAA, 0xEDAA, 0xED8A, 0xEDEA, 0xE347,
  0xD9A4, 0xD1E5, 0xE1E4, 0x6167, 0x0928, 0x1928, 0x1128, 0x1128, 0x1128, 0x1128, 0x1128, 0x1128,
  0x1128, 0x1128, 0x1128, 0x1128, 0x1128, 0x1128, 0x1928, 0x0928, 0x8986, 0xE1E4, 0xD1C4, 0xDA45,
  0xED6A, 0xEDAA, 0xEDAA, 0xEDAA, 0xEDAA, 0xEDAA, 0xEDAA, 0xF5A9, 0xC56D, 0x247A, 0x2C99, 0x1C59,
  0x8E1C, 0xFFFF, 0xFFFF, 0xFFFF, 0xFFFF, 0xFFFF, 0xFFFF, 0xFFFF, 0xFFFF, 0xFFFF, 0xFFFF, 0xFFFF,
  0xFFFF, 0xFFFF, 0xFFFF, 0xFFFF, 0xFFFF, 0xFFFF, 0xFFFF, 0xFFFF, 0xFFFF, 0xF7DF, 0x655A, 0x1439,
  0x249A, 0x2479, 0x1C79, 0x1C59, 0x85BA, 0x3499, 0x1C79, 0x2C9A, 0x2C99, 0x2499, 0x1C59, 0x5D19,
  0x34B9, 0x1C59, 0x2C99, 0x2C99, 0x2479, 0x2458, 0xC6DD, 0xFFFF, 0xFFFF, 0xFFFF, 0xFFFF, 0xFFFF,
  0xFFFF, 0xFFFF, 0xFFFF, 0xFFFF, 0xFFFF, 0xFFFF, 0xFFFF, 0xFFFF, 0xFFFF, 0xFFFF, 0xFFFF, 0xF7DF,
  0xDF5E, 0xFFFF, 0xFFFF, 0xFFFF, 0xFFFF, 0xFFFF, 0xFFFF, 0xFFFF, 0xFFFF, 0xFFFF, 0xF7BF, 0x34BA,
  0x2479, 0x1C7A, 0x5CD5, 0xF5A9, 0xEDAA, 0xEDAA, 0xEDAA, 0xEDAA, 0xEDAA, 0xED8A, 0xEDEA, 0xE428,
  0xD9A4, 0xD1E5, 0xE1E4, 0x8986, 0x0928, 0x1928, 0x1128, 0x1128, 0x1128, 0x1128, 0x1128, 0x1128,
  0x1128, 0x1128, 0x1128, 0x1128, 0x1128, 0x1128, 0x1928, 0x1128, 0xB1A5, 0xE1E4, 0xD1A4, 0xDAE6,
  0xEDCA, 0xED8A, 0xEDAA, 0xEDAA, 0xEDAA, 0xEDAA, 0xED8A, 0xFDA9, 0x9531, 0x1C7A, 0x2C99, 0x1C59,
  0xC71E, 0xFFFF, 0xFFFF, 0xFFFF, 0xFFFF, 0xFFFF, 0xFFFF, 0xFFFF, 0xFFFF, 0xFFFF, 0xFFFF, 0xFFFF,
  0xFFFF, 0xFFFF, 0xFFFF, 0xFFFF, 0xFFFF, 0xFFFF, 0xFFFF, 0xFFFF, 0xFFFF, 0xFFFF, 0xFFFF, 0x6D7A,
  0x1439, 0x2C9A, 0x2C99, 0x2499, 0x2479, 0x6539, 0x44D9, 0x1438, 0x1438, 0x2C99, 0x4CD8, 0x2C78,
  0x2479, 0x2C99, 0x2C99, 0x2479, 0x2458, 0xBEDC, 0xFFFF, 0xFFDF, 0xFFFF, 0xFFFF, 0xFFFF, 0xFFFF,
  0xFFFF, 0xFFFF, 0xFFFF, 0xFFFF, 0xFFFF, 0xFFFF, 0xFFFF, 0xFFFF, 0xFFFF, 0xFFFF, 0xFFFF, 0xFFFF,
  0xFFFF, 0xFFFF, 0xFFFF, 0xFFFF, 0xFFFF, 0xFFFF, 0xFFFF, 0xFFFF, 0xFFFF, 0xFFFF, 0xFFFF, 0x657B,
  0x1C59, 0x249A, 0x3498, 0xDD8B, 0xEDAA, 0xEDAA, 0xEDAA, 0xEDAA, 0xEDAA, 0xED8A, 0xEDCA, 0xECE9,
  0xD9C4, 0xD9E5, 0xE1E4, 0xA9A5, 0x1128, 0x1928, 0x1128, 0x1128, 0x1128, 0x1128, 0x1128, 0x1128,
  0x1128, 0x1128, 0x1128, 0x1128, 0x1128, 0x1928, 0x1128, 0x2128, 0xC9C5, 0xD9E4, 0xD984, 0xE387,
  0xEDEA, 0xED8A, 0xEDAA, 0xEDAA, 0xEDAA, 0xEDAA, 0xEDAA, 0xF5A9, 0x6CF4, 0x1C7A, 0x2479, 0x34BA,
  0xF7BF, 0xFFFF, 0xFFFF, 0xFFFF, 0xFFFF, 0xFFFF, 0xFFFF, 0xFFFF, 0xFFFF, 0xFFFF, 0xFFFF, 0xFFFF,
  0xFFFF, 0xFFFF, 0xFFFF, 0xFFFF, 0xFFFF, 0xFFFF, 0xFFFF, 0xFFFF, 0xFFFF, 0xFFFF, 0xFFFF, 0xFFFF,
  0x6D7A, 0x1439, 0x2C9A, 0x2C99, 0x2499, 0x2479, 0x961B, 0xBEDD, 0xB69C, 0xAE7B, 0x3499, 0x2479,
  0x2C99, 0x2C99, 0x249A, 0x2C99, 0xCF1D, 0xFFFF, 0xFFFF, 0xFFFF, 0xFFFF, 0xFFFF, 0xFFFF, 0xFFFF,
  0xFFFF, 0xFFFF, 0xFFFF, 0xFFFF, 0xFFFF, 0xFFFF, 0xFFFF, 0xFFFF, 0xFFFF, 0xFFFF, 0xFFFF, 0xFFFF,
  0xFFFF, 0xFFFF, 0xFFFF, 0xFFFF, 0xFFFF, 0xFFFF, 0xFFFF, 0xFFFF, 0xFFFF, 0xFFFF, 0xFFFF, 0x9E5D,
  0x1459, 0x2C99, 0x247A, 0xBD4E, 0xF5A9, 0xEDAA, 0xEDAA, 0xEDAA, 0xEDAA, 0xED8A, 0xEDAA, 0xED6A,
  0xDA25, 0xD9C4, 0xD9E4, 0xC9C5, 0x2128, 0x1128, 0x1928, 0x1128, 0x1128, 0x1128, 0x1128, 0x1128,
  0x1128, 0x1128, 0x1128, 0x1128, 0x1128, 0x1928, 0x1128, 0x3147, 0xD9E4, 0xD9E5, 0xD9A4, 0xE428,
  0xEDEA, 0xED8A, 0xEDAA, 0xEDAA, 0xEDAA, 0xEDAA, 0xEDAA, 0xEDAA, 0x44B7, 0x249A, 0x1C59, 0x5D5B,
  0xFFFF, 0xFFFF, 0xFFFF, 0xFFFF, 0xFFFF, 0xFFFF, 0xFFFF, 0xFFFF, 0xFFFF, 0xFFFF, 0xFFFF, 0xFFFF,
  0xFFFF, 0xFFFF, 0xFFFF, 0xFFFF, 0xFFFF, 0xFFFF, 0xFFFF, 0xFFFF, 0xFFFF, 0xFFFF, 0xFFFF, 0xFFFF,
  0xFFFF, 0x6D7A, 0x1C59, 0x2C9A, 0x2C99, 0x2499, 0x1C58, 0xBEBC, 0xE77E, 0x3499, 0x1C79, 0x2C99,
  0x2499, 0x2C9A, 0x1C38, 0x8DFA, 0xD73D, 0xCEFD, 0xCF1D, 0xCF1D, 0xCF1D, 0xCF1D, 0xCF1D, 0xCF1D,
  0xCF1D, 0xCF1D, 0xE77E, 0xFFFF, 0xFFFF, 0xFFFF, 0xFFFF, 0xFFFF, 0xFFFF, 0xFFFF, 0xFFFF, 0xFFFF,
  0xFFFF, 0xFFFF, 0xFFFF, 0xFFFF, 0xFFFF, 0xFFFF, 0xFFFF, 0xFFFF, 0xFFFF, 0xFFFF, 0xFFFF, 0xC71E,
  0x1C59, 0x2C99, 0x1C7A, 0x9531, 0xFDA9, 0xED8A, 0xEDAA, 0xEDAA, 0xEDAA, 0xEDAA, 0xEDAA, 0xEDAA,
  0xDA85, 0xD9A4, 0xD9E4, 0xD9E4, 0x3147, 0x1128, 0x1928, 0x1128, 0x1128, 0x1128, 0x1128, 0x1128,
  0x1128, 0x1128, 0x1128, 0x1128, 0x1128, 0x1928, 0x0928, 0x4967, 0xE1E4, 0xD9E5, 0xD9A4, 0xE4A9,
  0xEDCA, 0xED8A, 0xEDAA, 0xEDAA, 0xEDAA, 0xEDAA, 0xF5AA, 0xDD8C, 0x2C99, 0x2C9A, 0x1C59, 0x7DFC,
  0xFFFF, 0xFFFF, 0xFFFF, 0xFFFF, 0xFFFF, 0xFFFF, 0xFFFF, 0xFFFF, 0xFFFF, 0xFFFF, 0xFFFF, 0xFFFF,
  0xFFFF, 0xFFFF, 0xFFFF, 0xFFFF, 0xFFFF, 0xFFFF, 0xFFFF, 0xFFFF, 0xFFFF, 0xFFFF, 0xFFFF, 0xFFFF,
  0xF7BF, 0x5D39, 0x1C38, 0x2C99, 0x2499, 0x2C99, 0x2479, 0x2459, 0x2C78, 0x2479, 0x2C99, 0x2499,
  0x2C9A, 0x2458, 0x2458, 0x2479, 0x1C58, 0x1C59, 0x1C59, 0x1C59, 0x1C59, 0x1C59, 0x1C59, 0x1C59,
  0x1C59, 0x1C59, 0x2458, 0xAE7C, 0xFFFF, 0xFFFF, 0xFFFF, 0xFFFF, 0xFFFF, 0xFFFF, 0xFFFF, 0xFFFF,
  0xFFFF, 0xFFFF, 0xFFFF, 0xFFFF, 0xFFFF, 0xFFFF, 0xFFFF, 0xFFFF, 0xFFFF, 0xFFFF, 0xFFFF, 0xEF9F,
  0x2CBA, 0x2C99, 0x1C7A, 0x74F3, 0xFDA9, 0xED8A, 0xEDAA, 0xEDAA, 0xEDAA, 0xEDAA, 0xED8A, 0xEDCA,
  0xDB06, 0xD9A4, 0xD9E5, 0xE1E4, 0x4967, 0x0928, 0x1928, 0x1128, 0x1128, 0x1128, 0x1128, 0x1128,
  0x1128, 0x1128, 0x1128, 0x1128, 0x1128, 0x1928, 0x0928, 0x6167, 0xE1E4, 0xD1C4, 0xD9E4, 0xED09,
  0xEDCA, 0xEDAA, 0xEDAA, 0xEDAA, 0xEDAA, 0xE58A, 0xF5A9, 0xC56D, 0x247A, 0x2C99, 0x1C59, 0xA67D,
  0xFFFF, 0xFFFF, 0xFFFF, 0xFFFF, 0xFFFF, 0xFFFF, 0xFFFF, 0xFFFF, 0xFFFF, 0xFFFF, 0xFFFF, 0xFFFF,
  0xFFFF, 0xFFFF, 0xFFFF, 0xFFFF, 0xFFFF, 0xFFFF, 0xFFFF, 0xFFFF, 0xFFFF, 0xFFFF, 0xFFFF, 0xF7BF,
  0x54F9, 0x1459, 0x2C99, 0x2458, 0x2479, 0x2499, 0x2C99, 0x2499, 0x2499, 0x2C99, 0x2499, 0x2C9A,
  0x2458, 0x2458, 0x2C9A, 0x2499, 0x2C99, 0x2C99, 0x2C99, 0x2C99, 0x2C99, 0x2C99, 0x2C99, 0x2C99,
  0x2C99, 0x2C99, 0x2479, 0x3499, 0xF7DF, 0xFFFF, 0xFFFF, 0xFFFF, 0xFFFF, 0xFFFF, 0xFFFF, 0xFFFF,
  0xFFFF, 0xFFFF, 0xFFFF, 0xFFFF, 0xFFFF, 0xFFFF, 0xFFFF, 0xFFFF, 0xFFFF, 0xFFFF, 0xFFFF, 0xFFFF,
  0x44FA, 0x2479, 0x1C7A, 0x5CD6, 0xF5A9, 0xEDAA, 0xEDAA, 0xEDAA, 0xEDAA, 0xEDAA, 0xED8A, 0xEDEA,
  0xE387, 0xD984, 0xD1E5, 0xE1E4, 0x5967, 0x0928, 0x1928, 0x1128, 0x1128, 0x1128, 0x1128, 0x1128,
  0x1128, 0x1128, 0x1128, 0x1128, 0x1128, 0x1928, 0x0928, 0x7186, 0xE9E4, 0xD1C4, 0xDA05, 0xED4A,
  0xEDCA, 0xED89, 0xE569, 0xE549, 0xF5AA, 0xF5CB, 0xF5A9, 0xAD4F, 0x1C7A, 0x2C99, 0x1C59, 0xBEFE,
  0xFFFF, 0xFFFF, 0xFFFF, 0xFFFF, 0xFFFF, 0xFFFF, 0xFFFF, 0xFFFF, 0xFFFF, 0xFFFF, 0xFFFF, 0xFFFF,
  0xFFFF, 0xFFFF, 0xFFFF, 0xFFFF, 0xFFFF, 0xFFFF, 0xFFFF, 0xFFFF, 0xFFFF, 0xFFFF, 0xF7BF, 0x5519,
  0x1C59, 0x2C99, 0x2499, 0x2C99, 0x2458, 0x2479, 0x2499, 0x2499, 0x2C99, 0x2499, 0x2C9A, 0x2458,
  0x2458, 0x2C9A, 0x2C99, 0x2C99, 0x2C99, 0x2C99, 0x2C99, 0x2C99, 0x2C99, 0x2C99, 0x2C99, 0x2C99,
  0x2C99, 0x2C99, 0x2479, 0x3499, 0xF7BF, 0xFFFF, 0xFFFF, 0xFFFF, 0xFFFF, 0xFFFF, 0xFFFF, 0xFFFF,
  0xFFFF, 0xFFFF, 0xFFFF, 0xFFFF, 0xFFFF, 0xFFFF, 0xFFFF, 0xFFFF, 0xFFFF, 0xFFFF, 0xFFFF, 0xFFFF,
  0x5D7B, 0x1C59, 0x249A, 0x44B7, 0xEDAA, 0xEDAA, 0xED89, 0xE569, 0xE549, 0xF5AA, 0xF5CA, 0xEDCA,
  0xE3E7, 0xD984, 0xD1E5, 0xE9E4, 0x7186, 0x0928, 0x1928, 0x1128, 0x1128, 0x1128, 0x1128, 0x1128,
  0x1128, 0x1128, 0x1128, 0x1128, 0x1128, 0x1928, 0x0928, 0x8186, 0xE9E4, 0xD1C4, 0xDA45, 0xED8A,
  0xED89, 0xE5F0, 0xEEF8, 0xF73A, 0x9C2C, 0xC4A8, 0xFDEA, 0x9510, 0x1C7A, 0x2C99, 0x2479, 0xD75E,
  0xFFFF, 0xFFFF, 0xFFFF, 0xFFFF, 0xFFFF, 0xFFFF, 0xFFFF, 0xFFFF, 0xFFFF, 0xFFFF, 0xFFFF, 0xFFFF,
  0xFFFF, 0xFFFF, 0xFFFF, 0xFFFF, 0xFFFF, 0xFFFF, 0xFFFF, 0xFFFF, 0xFFFF, 0xF7BF, 0x5519, 0x1C59,
  0x2C99, 0x2499, 0x2499, 0x2479, 0x2479, 0x2458, 0x2479, 0x2499, 0x2499, 0x2C9A, 0x2458, 0x2458,
  0x2479, 0x1C59, 0x1C59, 0x1C59, 0x1C59, 0x1C59, 0x1C59, 0x1C59, 0x1C59, 0x1C59, 0x1C59, 0x1C59,
  0x1C59, 0x1C59, 0x1C58, 0xA65B, 0xFFFF, 0xFFFF, 0xFFFF, 0xFFFF, 0xFFFF, 0xFFFF, 0xFFFF, 0xFFFF,
  0xFFFF, 0xFFFF, 0xFFFF, 0xFFFF, 0xFFFF, 0xFFFF, 0xFFFF, 0xFFFF, 0xFFFF, 0xFFFF, 0xFFFF, 0xFFFF,
  0x75BB, 0x1C59, 0x249A, 0x3498, 0xE58B, 0xED69, 0xE5F0, 0xEEF8, 0xF73A, 0x9C2C, 0xC4A8, 0xFE2B,
  0xE428, 0xD9A4, 0xD1E5, 0xE9E4, 0x7986, 0x0928, 0x1928, 0x1128, 0x1128, 0x1128, 0x1128, 0x1128,
  0x1128, 0x1128, 0x1128, 0x1128, 0x1128, 0x1928, 0x0928, 0x8986, 0xE9E4, 0xD1A4, 0xDA66, 0xED69,
  0xE674, 0xFFFF, 0xF79F, 0xD6DB, 0xD6DC, 0x2945, 0xD4C8, 0x9552, 0x147A, 0x2C99, 0x2C99, 0xE79F,
  0xFFFF, 0xFFFF, 0xFFFF, 0xFFFF, 0xFFFF, 0xFFFF, 0xFFFF, 0xFFFF, 0xFFFF, 0xFFFF, 0xFFFF, 0xFFFF,
  0xFFFF, 0xFFFF, 0xFFFF, 0xFFFF, 0xFFFF, 0xFFFF, 0xFFFF, 0xFFFF, 0xF7BF, 0x5519, 0x1C59, 0x2C99,
  0x2499, 0x2499, 0x2479, 0x4CF8, 0x2479, 0x2479, 0x2458, 0x2479, 0x2C9A, 0x2458, 0x2458, 0x247A,
  0x44D9, 0xC6DC, 0xC6DD, 0xC6DD, 0xC6DD, 0xC6DD, 0xC6DD, 0xC6DD, 0xC6DD, 0xC6DD, 0xC6DD, 0xC6DD,
  0xC6DD, 0xBEDD, 0xDF5E, 0xFFFF, 0xFFFF, 0xFFFF, 0xFFFF, 0xFFFF, 0xFFFF, 0xFFFF, 0xFFFF, 0xFFFF,
  0xFFFF, 0xFFFF, 0xFFFF, 0xFFFF, 0xFFFF, 0xFFFF, 0xFFFF, 0xFFFF, 0xFFFF, 0xFFFF, 0xFFFF, 0xFFFF,
  0x85FC, 0x1C59, 0x2C9A, 0x2C99, 0xD54A, 0xEE73, 0xFFFF, 0xF7BF, 0xD6BB, 0xDEFC, 0x2944, 0xC4E9,
  0xECA9, 0xD184, 0xD1E5, 0xE9E4, 0x8986, 0x0928, 0x1928, 0x1128, 0x1128, 0x1128, 0x1128, 0x1128,
  0x1128, 0x1128, 0x1128, 0x1128, 0x1128, 0x1928, 0x0928, 0x91A6, 0xE1E4, 0xD1A4, 0xDA85, 0xE5CE,
  0xFFFF, 0xFFFF, 0xE73C, 0xBDF7, 0xFFFF, 0x2105, 0x5A03, 0x8D33, 0x1C7A, 0x2C79, 0x34BA, 0xEFBF,
  0xFFFF, 0xFFFF, 0xFFFF, 0xFFFF, 0xFFFF, 0xFFFF, 0xFFFF, 0xFFFF, 0xFFFF, 0xFFFF, 0xFFFF, 0xFFFF,
  0xFFFF, 0xFFFF, 0xFFFF, 0xFFFF, 0xFFFF, 0xFFFF, 0xFFFF, 0xF7DF, 0x4CF9, 0x1C59, 0x2C99, 0x2499,
  0x2C99, 0x1C38, 0xAE7C, 0xBEBC, 0x1438, 0x2C9A, 0x2479, 0x2458, 0x2458, 0x2458, 0x2C9A, 0x1C79,
  0x4D19, 0xFFFF, 0xFFFF, 0xFFFF, 0xFFFF, 0xFFFF, 0xFFFF, 0xFFFF, 0xFFFF, 0xFFFF, 0xFFFF, 0xFFFF,
  0xFFFF, 0xFFFF, 0xFFFF, 0xFFFF, 0xFFFF, 0xFFFF, 0xFFFF, 0xFFFF, 0xFFFF, 0xFFFF, 0xFFFF, 0xFFFF,
  0xFFFF, 0xFFFF, 0xFFFF, 0xFFFF, 0xFFFF, 0xFFFF, 0xFFFF, 0xFFFF, 0xFFFF, 0xFFFF, 0xFFFF, 0xFFFF,
  0x963C, 0x1C59, 0x2C9A, 0x2C78, 0xC58F, 0xFFFF, 0xFFFF, 0xE73C, 0xBDD7, 0xFFFF, 0x2125, 0x4A05,
  0xECC9, 0xD9A4, 0xD1E5, 0xE1E4, 0x91A6, 0x0928, 0x1928, 0x1128, 0x1128, 0x1128, 0x1128, 0x1128,
  0x1128, 0x1128, 0x1128, 0x1128, 0x1128, 0x1928, 0x0928, 0x91A6, 0xE1E4, 0xD1C5, 0xDA64, 0xE674,
  0xFFFF, 0xFFFF, 0xFFFF, 0xF79E, 0x7BCF, 0x1082, 0x3943, 0x6C92, 0x1C9B, 0x2479, 0x34BA, 0xEFBF,
  0xFFFF, 0xFFFF, 0xFFFF, 0xFFFF, 0xFFFF, 0xFFFF, 0xFFFF, 0xFFFF, 0xFFFF, 0xFFFF, 0xFFFF, 0xFFFF,
  0xFFFF, 0xFFFF, 0xFFFF, 0xFFFF, 0xFFFF, 0xFFFF, 0xFFFF, 0xFFFF, 0x85FB, 0x1C39, 0x2C9A, 0x2C99,
  0x2C99, 0x1C59, 0x85DB, 0xA67C, 0x1C59, 0x2C99, 0x2499, 0x2479, 0x2458, 0x2C99, 0x2C99, 0x1C79,
  0x4CF9, 0xFFFF, 0xFFFF, 0xFFFF, 0xFFFF, 0xFFFF, 0xFFFF, 0xFFFF, 0xFFFF, 0xFFFF, 0xFFFF, 0xFFFF,
  0xFFFF, 0xFFFF, 0xFFFF, 0xFFFF, 0xFFFF, 0xFFFF, 0xFFFF, 0xFFFF, 0xC638, 0xAD75, 0xFFFF, 0xFFFF,
  0xFFFF, 0xFFFF, 0xFFFF, 0xFFFF, 0xFFFF, 0xFFFF, 0xFFFF, 0xFFFF, 0xFFFF, 0xFFFF, 0xFFFF, 0xFFFF,
  0x965C, 0x1C59, 0x2C9A, 0x2458, 0xCE36, 0xFFFF, 0xFFFF, 0xFFFF, 0xF79E, 0x83EF, 0x1082, 0x2964,
  0xD428, 0xD9C4, 0xD1E5, 0xE1E4, 0x91A6, 0x0928, 0x1928, 0x1128, 0x1128, 0x1128, 0x1128, 0x1128,
  0x1128, 0x1128, 0x1128, 0x1128, 0x1128, 0x1928, 0x0928, 0x91A6, 0xE1E4, 0xD1C5, 0xDA64, 0xE673,
  0xFFFF, 0xD679, 0x39C7, 0x18A3, 0x18A2, 0x18E4, 0x3923, 0x6C92, 0x1C9B, 0x2479, 0x34BA, 0xEFBF,
  0xFFFF, 0xFFFF, 0xFFFF, 0xFFFF, 0xFFFF, 0xFFFF, 0xFFFF, 0xFFFF, 0xFFFF, 0xFFFF, 0xFFFF, 0xFFFF,
  0xFFFF, 0xFFFF, 0xFFFF, 0xFFFF, 0xFFFF, 0xFFFF, 0xFFFF, 0xFFFF, 0xFFFF, 0x8DFB, 0x1438, 0x2C9A,
  0x2499, 0x2499, 0x1C59, 0x3C98, 0x2479, 0x2499, 0x2499, 0x2499, 0x2C9A, 0x2499, 0x2C99, 0x1C79,
  0x4CF9, 0xFFFF, 0xFFFF, 0xFFFF, 0xFFFF, 0xFFFF, 0xFFFF, 0xFFFF, 0xFFFF, 0xFFFF, 0xFFFF, 0xFFFF,
  0xFFFF, 0xFFFF, 0xFFFF, 0xFFFF, 0xE71C, 0xC638, 0xF7BE, 0xFFFF, 0xEF7D, 0xEF5D, 0xFFFF, 0xFFFF,
  0xFFFF, 0xFFFF, 0xFFFF, 0xFFFF, 0xFFFF, 0xFFFF, 0xFFFF, 0xFFFF, 0xFFFF, 0xFFFF, 0xFFFF, 0xFFFF,
  0x965C, 0x1C59, 0x2C9A, 0x2458, 0xC615, 0xFFFF, 0xD69A, 0x39C7, 0x18A3, 0x18A2, 0x20E3, 0x2944,
  0xD428, 0xD9C4, 0xD1E5, 0xE1E4, 0x91A6, 0x0928, 0x1928, 0x1128, 0x1128, 0x1128, 0x1128, 0x1128,
  0x1128, 0x1128, 0x1128, 0x1128, 0x1128, 0x1928, 0x0928, 0x91A6, 0xE1E4, 0xD1A4, 0xDA85, 0xDDAD,
  0xFFFF, 0x62EB, 0x2104, 0x6B4D, 0x20E3, 0x10A3, 0x6224, 0x8D33, 0x1C7A, 0x2C79, 0x34BA, 0xEFBF,
  0xFFFF, 0xFFFF, 0xFFFF, 0xFFFF, 0xFFFF, 0xFFFF, 0xFFFF, 0xFFFF, 0xFFFF, 0xFFFF, 0xFFFF, 0xFFFF,
  0xFFFF, 0xFFFF, 0xFFFF, 0xFFFF, 0xFFFF, 0xFFFF, 0xFFFF, 0xFFFF, 0xFFFF, 0xFFFF, 0x8DFB, 0x1438,
  0x2C9A, 0x2C99, 0x2C9A, 0x1C17, 0x2479, 0x2499, 0x2499, 0x2499, 0x2499, 0x2499, 0x2C99, 0x1C79,
  0x4CF9, 0xFFFF, 0xFFFF, 0xFFFF, 0xFFFF, 0xFFFF, 0xFFFF, 0xFFFF, 0xFFFF, 0xFFFF, 0xFFFF, 0xFFFF,
  0xFFFF, 0xFFFF, 0xFFFF, 0xF79E, 0x8430, 0x4A49, 0xC638, 0xE73C, 0xAD75, 0xCE79, 0xFFFF, 0xFFFF,
  0xFFFF, 0xFFFF, 0xFFFF, 0xFFFF, 0xFFFF, 0xFFFF, 0xFFFF, 0xFFFF, 0xFFFF, 0xFFFF, 0xFFFF, 0xFFFF,
  0x963C, 0x1C59, 0x2C9A, 0x2C78, 0xC56F, 0xFFFF, 0x630C, 0x2104, 0x6B4D, 0x20E3, 0x10A3, 0x5225,
  0xECA9, 0xD9A4, 0xD1E5, 0xE1E4, 0x91A6, 0x0928, 0x1928, 0x1128, 0x1128, 0x1128, 0x1128, 0x1128,
  0x1128, 0x1128, 0x1128, 0x1128, 0x1128, 0x1928, 0x0928, 0x8986, 0xE9E4, 0xD1A4, 0xDA66, 0xE548,
  0xF6F6, 0x7BF0, 0x18C3, 0x4208, 0x0862, 0x2924, 0xD4E8, 0x9552, 0x147A, 0x2C99, 0x2C99, 0xE79F,
  0xFFFF, 0xFFFF, 0xFFFF, 0xFFFF, 0xFFFF, 0xFFFF, 0xFFFF, 0xFFFF, 0xFFFF, 0xFFFF, 0xFFFF, 0xFFFF,
  0xFFFF, 0xFFFF, 0xFFFF, 0xFFFF, 0xFFFF, 0xFFFF, 0xFFFF, 0xFFFF, 0xFFFF, 0xFFFF, 0xFFFF, 0x8DFB,
  0x1438, 0x1439, 0x2479, 0x6539, 0x2479, 0x2C99, 0x2499, 0x2499, 0x2499, 0x2499, 0x2C99, 0x1C79,
  0x4CF9, 0xFFFF, 0xFFFF, 0xFFFF, 0xFFFF, 0xFFFF, 0xFFFF, 0xFFFF, 0xFFFF, 0xFFFF, 0xFFFF, 0xFFFF,
  0xFFFF, 0xFFFF, 0xFFFF, 0xFFFF, 0xAD55, 0x31A6, 0x8C51, 0x5ACB, 0x7BEF, 0xE71C, 0xFFFF, 0xFFFF,
  0xFFFF, 0xFFFF, 0xFFFF, 0xFFFF, 0xFFFF, 0xFFFF, 0xFFFF, 0xFFFF, 0xFFFF, 0xFFFF, 0xFFFF, 0xFFFF,
  0x861C, 0x1C59, 0x2C9A, 0x3499, 0xD54A, 0xF6F5, 0x7C11, 0x18C3, 0x4209, 0x0862, 0x2904, 0xCD09,
  0xEC88, 0xD1A4, 0xD1E5, 0xE9E4, 0x8986, 0x0928, 0x1928, 0x1128, 0x1128, 0x1128, 0x1128, 0x1128,
  0x1128, 0x1128, 0x1128, 0x1128, 0x1128, 0x1928, 0x0928, 0x8186, 0xE9E4, 0xD1C4, 0xDA45, 0xED8A,
  0xED89, 0xDDAF, 0x6287, 0x4183, 0x72C6, 0xCD0A, 0xFDE9, 0x9510, 0x1C7A, 0x2C99, 0x2479, 0xD75E,
  0xFFFF, 0xFFFF, 0xFFFF, 0xFFFF, 0xFFFF, 0xFFFF, 0xFFFF, 0xFFFF, 0xFFFF, 0xFFFF, 0xFFFF, 0xFFFF,
  0xFFFF, 0xFFFF, 0xFFFF, 0xFFFF, 0xFFFF, 0xFFFF, 0xFFFF, 0xFFFF, 0xFFFF, 0xFFFF, 0xFFFF, 0xFFFF,
  0xBEBC, 0x7DBA, 0xCF1D, 0xB69C, 0x1439, 0x2C99, 0x2499, 0x2499, 0x2499, 0x2499, 0x2C99, 0x1C79,
  0x4CF9, 0xFFFF, 0xFFFF, 0xFFFF, 0xFFFF, 0xFFFF, 0xFFFF, 0xFFFF, 0xFFFF, 0xFFFF, 0xFFFF, 0xFFFF,
  0xFFFF, 0xFFFF, 0xFFDF, 0xB5B6, 0x73AE, 0x4A49, 0x8430, 0x5AEB, 0xB5B6, 0xC638, 0xE73C, 0xFFFF,
  0xFFFF, 0xFFFF, 0xFFFF, 0xFFFF, 0xFFFF, 0xFFFF, 0xFFFF, 0xFFFF, 0xFFFF, 0xFFFF, 0xFFFF, 0xFFFF,
  0x75BB, 0x1C59, 0x249A, 0x3498, 0xE58B, 0xED89, 0xDDAF, 0x62A7, 0x4183, 0x72C6, 0xD4E9, 0xF60B,
  0xE428, 0xD9A4, 0xD1E5, 0xE9E4, 0x7986, 0x0928, 0x1928, 0x1128, 0x1128, 0x1128, 0x1128, 0x1128,
  0x1128, 0x1128, 0x1128, 0x1128, 0x1128, 0x1928, 0x0928, 0x7186, 0xE9E4, 0xD1C4, 0xDA05, 0xED4A,
  0xEDAA, 0xED89, 0xF5CA, 0xF5CA, 0xFDEA, 0xEDCA, 0xF5A9, 0xAD4F, 0x1C7A, 0x2C99, 0x1C59, 0xC6FE,
  0xFFFF, 0xFFFF, 0xFFFF, 0xFFFF, 0xFFFF, 0xFFFF, 0xFFFF, 0xFFFF, 0xFFFF, 0xFFFF, 0xFFFF, 0xFFFF,
  0xFFFF, 0xFFFF, 0xFFFF, 0xFFFF, 0xFFFF, 0xFFFF, 0xFFFF, 0xFFFF, 0xFFFF, 0xFFFF, 0xFFFF, 0xFFFF,
  0xFFFF, 0xFFFF, 0xFFFF, 0xA67C, 0x1C39, 0x2C99, 0x2499, 0x2499, 0x2499, 0x2499, 0x2C99, 0x1C79,
  0x4CF9, 0xFFFF, 0xFFFF, 0xFFFF, 0xFFFF, 0xFFFF, 0xFFFF, 0xFFFF, 0xFFFF, 0xFFFF, 0xFFFF, 0xFFFF,
  0xFFFF, 0xFFFF, 0xFFDF, 0xF7BE, 0x738E, 0x31A6, 0xD69A, 0x2965, 0x9492, 0x5ACB, 0xF79E, 0xFFFF,
  0xFFFF, 0xFFFF, 0xFFFF, 0xFFFF, 0xFFFF, 0xFFFF, 0xFFFF, 0xFFFF, 0xFFFF, 0xFFFF, 0xFFFF, 0xFFFF,
  0x5D7B, 0x1C59, 0x249A, 0x44B7, 0xEDAA, 0xEDAA, 0xEDA9, 0xF5CA, 0xF5CA, 0xFDEA, 0xF5AA, 0xEDCA,
  0xE3E7, 0xD984, 0xD1E5, 0xE9E4, 0x7186, 0x0928, 0x1928, 0x1128, 0x1128, 0x1128, 0x1128, 0x1128,
  0x1128, 0x1128, 0x1128, 0x1128, 0x1128, 0x1928, 0x0928, 0x5967, 0xE1E4, 0xD1C4, 0xD9E4, 0xED09,
  0xEDCA, 0xED8A, 0xED8A, 0xED8A, 0xED8A, 0xED8A, 0xF5A9, 0xC56D, 0x247A, 0x2C99, 0x1C59, 0xA69D,
  0xFFFF, 0xFFFF, 0xFFFF, 0xFFFF, 0xFFFF, 0xFFFF, 0xFFFF, 0xFFFF, 0xFFFF, 0xFFFF, 0xFFFF, 0xFFFF,
  0xFFFF, 0xFFFF, 0xFFFF, 0xFFFF, 0xFFFF, 0xFFFF, 0xFFFF, 0xFFFF, 0xFFFF, 0xFFFF, 0xFFFF, 0xFFFF,
  0xFFFF, 0xFFDF, 0xFFFF, 0xA67C, 0x1C39, 0x2C99, 0x2499, 0x2499, 0x2499, 0x2499, 0x2C99, 0x1C79,
  0x4CF9, 0xFFFF, 0xFFFF, 0xFFFF, 0xFFFF, 0xFFFF, 0xFFFF, 0xFFFF, 0xFFFF, 0xFFFF, 0xFFFF, 0xFFFF,
  0xFFFF, 0xFFFF, 0xFFFF, 0xEF7D, 0x738E, 0x73AE, 0xE71C, 0x7C10, 0xE71C, 0x5AEB, 0xC618, 0xFFFF,
  0xFFFF, 0xFFFF, 0xFFFF, 0xFFFF, 0xFFFF, 0xFFFF, 0xFFFF, 0xFFFF, 0xFFFF, 0xFFFF, 0xFFFF, 0xFFFF,
  0x451A, 0x2479, 0x1C7A, 0x5CD5, 0xF5A9, 0xEDAA, 0xEDAA, 0xED8A, 0xED8A, 0xED8A, 0xED8A, 0xEDEA,
  0xE387, 0xD984, 0xD1E5, 0xE1E4, 0x5967, 0x0928, 0x1928, 0x1128, 0x1128, 0x1128, 0x1128, 0x1128,
  0x1128, 0x1128, 0x1128, 0x1128, 0x1128, 0x1928, 0x0928, 0x4967, 0xE1E4, 0xD9E5, 0xD9A4, 0xE4A9,
  0xEDCA, 0xED8A, 0xEDAA, 0xEDAA, 0xEDAA, 0xEDAA, 0xF5AA, 0xDD8C, 0x2C99, 0x2C9A, 0x1C59, 0x85FC,
  0xFFFF, 0xFFFF, 0xFFFF, 0xFFFF, 0xFFFF, 0xFFFF, 0xFFFF, 0xFFFF, 0xFFFF, 0xFFFF, 0xFFFF, 0xFFFF,
  0xFFFF, 0xFFFF, 0xFFFF, 0xFFFF, 0xFFFF, 0xFFFF, 0xFFFF, 0xFFFF, 0xFFFF, 0xFFFF, 0xFFFF, 0xFFFF,
  0xFFFF, 0xFFFF, 0xFFFF, 0xA67C, 0x1C39, 0x2C99, 0x2499, 0x2499, 0x2499, 0x2499, 0x2C99, 0x1C79,
  0x4CF9, 0xFFFF, 0xFFFF, 0xFFFF, 0xFFFF, 0xFFFF, 0xFFFF, 0xFFFF, 0xFFFF, 0xFFFF, 0xFFFF, 0xFFFF,
  0xFFFF, 0xFFFF, 0xFFFF, 0xC618, 0xD69A, 0xF7DF, 0x7BEF, 0xC618, 0xFFDF, 0xEF7D, 0x52AA, 0xDEDB,
  0xFFFF, 0xFFFF, 0xFFFF, 0xFFFF, 0xFFFF, 0xFFFF, 0xFFFF, 0xFFFF, 0xFFFF, 0xFFFF, 0xFFFF, 0xEF9F,
  0x2CBA, 0x2C79, 0x1C7A, 0x74F3, 0xFDA9, 0xED8A, 0xEDAA, 0xEDAA, 0xEDAA, 0xEDAA, 0xED8A, 0xEDCA,
  0xDB06, 0xD9A4, 0xD9E5, 0xE1E4, 0x4967, 0x0928, 0x1928, 0x1128, 0x1128, 0x1128, 0x1128, 0x1128,
  0x1128, 0x1128, 0x1128, 0x1128, 0x1128, 0x1928, 0x1128, 0x3147, 0xD9E4, 0xD9E5, 0xD9A4, 0xE428,
  0xEDEA, 0xED8A, 0xEDAA, 0xEDAA, 0xEDAA, 0xEDAA, 0xEDAA, 0xEDAA, 0x44B7, 0x249A, 0x1C59, 0x5D5B,
  0xFFFF, 0xFFFF, 0xFFFF, 0xFFFF, 0xFFFF, 0xFFFF, 0xFFFF, 0xFFFF, 0xFFFF, 0xFFFF, 0xFFFF, 0xFFFF,
  0xFFFF, 0xFFFF, 0xFFFF, 0xFFFF, 0xFFFF, 0xFFFF, 0xFFFF, 0xFFFF, 0xFFFF, 0xFFFF, 0xFFFF, 0xFFFF,
  0xFFFF, 0xFFFF, 0xFFFF, 0xAE9C, 0x1439, 0x2C99, 0x2499, 0x2499, 0x2499, 0x2499, 0x2C99, 0x1C79,
  0x4CF9, 0xFFFF, 0xFFFF, 0xFFFF, 0xFFFF, 0xFFFF, 0xFFFF, 0xFFFF, 0xFFFF, 0xFFFF, 0xFFFF, 0xFFFF,
  0xFFFF, 0xFFFF, 0xFFFF, 0xFFDF, 0xFFFF, 0xFFFF, 0xFFDF, 0xA514, 0xA534, 0xEF7D, 0xEF5D, 0xEF7D,
  0xFFFF, 0xFFFF, 0xFFFF, 0xFFFF, 0xFFFF, 0xFFFF, 0xFFFF, 0xFFFF, 0xFFFF, 0xFFFF, 0xFFFF, 0xCF1E,
  0x1C59, 0x2C99, 0x1C7A, 0x9531, 0xFDA9, 0xED8A, 0xEDAA, 0xEDAA, 0xEDAA, 0xEDAA, 0xEDAA, 0xEDAA,
  0xDA85, 0xD9A4, 0xD9E4, 0xD9E4, 0x3147, 0x1128, 0x1928, 0x1128, 0x1128, 0x1128, 0x1128, 0x1128,
  0x1128, 0x1128, 0x1128, 0x1128, 0x1128, 0x1928, 0x1128, 0x2128, 0xC9C5, 0xD9E4, 0xD984, 0xE387,
  0xEDEA, 0xED8A, 0xEDAA, 0xEDAA, 0xEDAA, 0xEDAA, 0xEDAA, 0xF5A9, 0x6CF4, 0x1C7A, 0x2479, 0x34BA,
  0xF7BF, 0xFFFF, 0xFFFF, 0xFFFF, 0xFFFF, 0xFFFF, 0xFFFF, 0xFFFF, 0xFFFF, 0xFFFF, 0xFFFF, 0xFFFF,
  0xFFFF, 0xFFFF, 0xFFFF, 0xFFFF, 0xFFFF, 0xFFFF, 0xFFFF, 0xFFFF, 0xFFFF, 0xFFFF, 0xFFFF, 0xFFFF,
  0xFFFF, 0xFFFF, 0xF7BF, 0x5519, 0x2479, 0x2C99, 0x2499, 0x2C99, 0x2C99, 0x2499, 0x2C99, 0x2499,
  0x2479, 0xBEBC, 0xFFFF, 0xFFFF, 0xFFFF, 0xFFFF, 0xFFFF, 0xFFFF, 0xFFFF, 0xFFFF, 0xFFFF, 0xFFFF,
  0xFFFF, 0xFFFF, 0xFFFF, 0xFFFF, 0xFFFF, 0xFFFF, 0xFFFF, 0xFFFF, 0xEF7D, 0xCE79, 0xFFDF, 0xFFFF,
  0xFFFF, 0xFFFF, 0xFFFF, 0xFFFF, 0xFFFF, 0xFFFF, 0xFFFF, 0xFFFF, 0xFFFF, 0xFFFF, 0xFFFF, 0x9E5D,
  0x1459, 0x2C99, 0x247A, 0xBD4E, 0xF5A9, 0xEDAA, 0xEDAA, 0xEDAA, 0xEDAA, 0xED8A, 0xEDAA, 0xED6A,
  0xDA25, 0xD9C4, 0xD9E4, 0xC9C5, 0x2128, 0x1128, 0x1928, 0x1128, 0x1128, 0x1128, 0x1128, 0x1128,
  0x1128, 0x1128, 0x1128, 0x1128, 0x1128, 0x1128, 0x1928, 0x1128, 0xB1A5, 0xE1E4, 0xD1A4, 0xDAE6,
  0xEDCA, 0xED8A, 0xEDAA, 0xEDAA, 0xEDAA, 0xEDAA, 0xED8A, 0xFDA9, 0x9531, 0x1C7A, 0x2C99, 0x1C59,
  0xC71E, 0xFFFF, 0xFFFF, 0xFFFF, 0xFFFF, 0xFFFF, 0xFFFF, 0xFFFF, 0xFFFF, 0xFFFF, 0xFFFF, 0xFFFF,
  0xFFFF, 0xFFFF, 0xFFFF, 0xFFFF, 0xFFFF, 0xFFFF, 0xFFFF, 0xFFFF, 0xFFFF, 0xFFFF, 0xFFFF, 0xFFFF,
  0xFFFF, 0xF7BF, 0x5519, 0x1C59, 0x2C99, 0x2499, 0x2C99, 0x2499, 0x1C79, 0x2C99, 0x2499, 0x2C99,
  0x2479, 0x2458, 0xBEBC, 0xFFFF, 0xFFFF, 0xFFFF, 0xFFFF, 0xFFFF, 0xFFFF, 0xFFFF, 0xFFFF, 0xFFFF,
  0xFFFF, 0xFFFF, 0xFFFF, 0xFFFF, 0xFFFF, 0xFFFF, 0xFFFF, 0xE73C, 0xEF5D, 0xFFFF, 0xFFFF, 0xFFFF,
  0xFFFF, 0xFFFF, 0xFFFF, 0xFFFF, 0xFFFF, 0xFFFF, 0xFFFF, 0xFFFF, 0xFFFF, 0xFFFF, 0xFFFF, 0x657B,
  0x1C59, 0x249A, 0x3498, 0xDD8B, 0xEDAA, 0xEDAA, 0xEDAA, 0xEDAA, 0xEDAA, 0xED8A, 0xEDCA, 0xECE9,
  0xD9C4, 0xD9E4, 0xE1E4, 0xA9A5, 0x1128, 0x1928, 0x1128, 0x1128, 0x1128, 0x1128, 0x1128, 0x1128,
  0x1128, 0x1128, 0x1128, 0x1128, 0x1128, 0x1128, 0x1928, 0x0928, 0x8986, 0xE1E4, 0xD1C4, 0xDA45,
  0xED8A, 0xEDAA, 0xEDAA, 0xEDAA, 0xEDAA, 0xEDAA, 0xEDAA, 0xF5A9, 0xC56D, 0x247A, 0x2C99, 0x1459,
  0x8E1C, 0xFFFF, 0xFFFF, 0xFFFF, 0xFFFF, 0xFFFF, 0xFFFF, 0xFFFF, 0xFFFF, 0xFFFF, 0xFFFF, 0xFFFF,
  0xFFFF, 0xFFFF, 0xFFFF, 0xFFFF, 0xFFFF, 0xFFFF, 0xFFFF, 0xFFFF, 0xFFFF, 0xFFFF, 0xFFFF, 0xFFFF,
  0xF7BF, 0x54F9, 0x1C59, 0x2C99, 0x2499, 0x2C99, 0x2479, 0x2C99, 0x4CF9, 0x1C59, 0x2C99, 0x2499,
  0x2C99, 0x2499, 0x2458, 0xBEBC, 0xFFFF, 0xFFFF, 0xFFFF, 0xFFFF, 0xFFFF, 0xFFFF, 0xFFFF, 0xFFFF,
  0xFFFF, 0xFFFF, 0xFFFF, 0xFFFF, 0xDEFB, 0x6B6D, 0xC618, 0xD69A, 0xB5B6, 0xFFFF, 0xFFFF, 0xFFFF,
  0xFFFF, 0xFFFF, 0xFFFF, 0xFFFF, 0xFFFF, 0xFFFF, 0xFFFF, 0xFFFF, 0xFFFF, 0xFFFF, 0xF7BF, 0x34BA,
  0x2479, 0x1C7A, 0x5CD5, 0xF5A9, 0xEDAA, 0xEDAA, 0xEDAA, 0xEDAA, 0xEDAA, 0xED8A, 0xEDEA, 0xE428,
  0xD9A4, 0xD1E5, 0xE1E4, 0x8986, 0x0928, 0x1928, 0x1128, 0x1128, 0x1128, 0x1128, 0x1128, 0x1128,
  0x1128, 0x1128, 0x1128, 0x1128, 0x1128, 0x1128, 0x1928, 0x0928, 0x6166, 0xE1E4, 0xD1E5, 0xD9C4,
  0xECE9, 0xEDCA, 0xED8A, 0xEDAA, 0xEDAA, 0xEDAA, 0xEDAA, 0xEDAA, 0xED8A, 0x44B7, 0x249A, 0x2479,
  0x4D1A, 0xFFFF, 0xFFFF, 0xFFFF, 0xFFFF, 0xFFFF, 0xFFFF, 0xFFFF, 0xFFFF, 0xFFFF, 0xFFFF, 0xFFFF,
  0xFFFF, 0xFFFF, 0xFFFF, 0xFFFF, 0xFFFF, 0xFFFF, 0xFFFF, 0xFFFF, 0xFFFF, 0xFFFF, 0xFFFF, 0xF7BF,
  0x5519, 0x1C59, 0x2C99, 0x2499, 0x2C99, 0x2499, 0x1C58, 0xBEBC, 0xFFDF, 0x5D39, 0x1459, 0x2C9A,
  0x2499, 0x2C99, 0x2499, 0x2458, 0xBEBC, 0xFFFF, 0xFFFF, 0xFFFF, 0xFFFF, 0xFFFF, 0xFFFF, 0xFFFF,
  0xFFFF, 0xFFFF, 0xFFFF, 0xFFFF, 0xD6BA, 0x9CF3, 0x8410, 0x8410, 0xB596, 0xFFFF, 0xFFFF, 0xFFFF,
  0xFFFF, 0xFFFF, 0xFFFF, 0xFFFF, 0xFFFF, 0xFFFF, 0xFFFF, 0xFFFF, 0xFFFF, 0xFFFF, 0xBEDD, 0x1C59,
  0x2C99, 0x1C7A, 0x9511, 0xFDA9, 0xED8A, 0xEDAA, 0xEDAA, 0xEDAA, 0xEDAA, 0xED8A, 0xEDEA, 0xE347,
  0xD9A4, 0xD1E5, 0xE1E4, 0x6167, 0x0928, 0x1928, 0x1128, 0x1128, 0x1128, 0x1128, 0x1128, 0x1128,
  0x1128, 0x1128, 0x1128, 0x1128, 0x1128, 0x1128, 0x1928, 0x0928, 0x3947, 0xD9E4, 0xD9E5, 0xD984,
  0xE408, 0xEDEA, 0xED8A, 0xEDAA, 0xEDAA, 0xEDAA, 0xEDAA, 0xED8A, 0xFDA9, 0x7CF3, 0x1C7A, 0x2C99,
  0x2479, 0xD75E, 0xFFFF, 0xFFFF, 0xFFFF, 0xFFFF, 0xFFFF, 0xFFFF, 0xFFFF, 0xFFFF, 0xFFFF, 0xFFFF,
  0xFFFF, 0xFFFF, 0xFFFF, 0xFFFF, 0xFFFF, 0xFFFF, 0xFFFF, 0xFFFF, 0xFFFF, 0xFFFF, 0xF7BF, 0x54F9,
  0x1C59, 0x2C99, 0x2499, 0x2C99, 0x249A, 0x1C58, 0xB6BC, 0xFFFF, 0xFFFF, 0xF7DF, 0x5D39, 0x1459,
  0x2C9A, 0x2499, 0x2C99, 0x2499, 0x2458, 0xBEBC, 0xFFFF, 0xFFFF, 0xFFFF, 0xFFFF, 0xFFFF, 0xFFFF,
  0xFFFF, 0xFFFF, 0xFFFF, 0xE73C, 0xAD55, 0x8410, 0x528A, 0x8C51, 0xD69A, 0xFFFF, 0xFFFF, 0xFFFF,
  0xFFFF, 0xFFFF, 0xFFFF, 0xFFFF, 0xFFFF, 0xFFFF, 0xFFFF, 0xFFFF, 0xFFFF, 0xFFFF, 0x75BB, 0x1C59,
  0x2C99, 0x2499, 0xCD6D, 0xF5A9, 0xE58A, 0xED8A, 0xEDAA, 0xEDAA, 0xEDAA, 0xEDAA, 0xEDAA, 0xDA65,
  0xD9C4, 0xD9E4, 0xD9E4, 0x3947, 0x0928, 0x1928, 0x1128, 0x1128, 0x1128, 0x1128, 0x1128, 0x1128,
  0x1128, 0x1128, 0x1128, 0x1128, 0x1128, 0x1128, 0x1128, 0x1128, 0x1928, 0xC1C5, 0xE1E4, 0xD9A4,
  0xDB06, 0xEDCA, 0xED8A, 0xEDAA, 0xEDAA, 0xEDAA, 0xEDAA, 0xEDAA, 0xF5A9, 0xBD4E, 0x1C7A, 0x2C99,
  0x1C59, 0x85FC, 0xFFFF, 0xFFFF, 0xFFFF, 0xFFFF, 0xFFFF, 0xFFFF, 0xFFFF, 0xFFFF, 0xFFFF, 0xFFFF,
  0xFFFF, 0xFFFF, 0xFFFF, 0xFFFF, 0xFFFF, 0xFFFF, 0xFFFF, 0xFFFF, 0xFFFF, 0xF7BF, 0x54F9, 0x1C59,
  0x2C99, 0x2499, 0x2C99, 0x249A, 0x1C58, 0xB6BC, 0xFFFF, 0xFFFF, 0xFFFF, 0xFFFF, 0xF7DF, 0x5D39,
  0x1459, 0x2C9A, 0x2499, 0x2C99, 0x2499, 0x2458, 0xBEBC, 0xFFFF, 0xFFFF, 0xFFFF, 0xFFFF, 0xFFFF,
  0xFFFF, 0xFFFF, 0xFFDF, 0xE71C, 0x8C51, 0x528A, 0xBDD7, 0xCE79, 0xFFFF, 0xFFFF, 0xFFFF, 0xFFFF,
  0xFFFF, 0xFFFF, 0xFFFF, 0xFFFF, 0xFFFF, 0xFFFF, 0xFFFF, 0xFFFF, 0xFFFF, 0xEFBF, 0x34BA, 0x2479,
  0x1C7A, 0x54D6, 0xED8A, 0xF5EB, 0xFE0B, 0xF5EB, 0xED8A, 0xED8A, 0xED8A, 0xEDCA, 0xED09, 0xD9E4,
  0xD9E4, 0xE1E4, 0xB9C5, 0x1928, 0x1128, 0x1128, 0x1128, 0x1128, 0x1128, 0x1128, 0x1128, 0x1128,
  0x1128, 0x1128, 0x1128, 0x1128, 0x1128, 0x1128, 0x1128, 0x1928, 0x0928, 0x91A6, 0xE1E4, 0xD1C4,
  0xDA25, 0xED6A, 0xEDAA, 0xEDAA, 0xEDAA, 0xEDAA, 0xEDAA, 0xEDAA, 0xEDAA, 0xEDAA, 0x44B7, 0x247A,
  0x2479, 0x3CDA, 0xF7DF, 0xFFFF, 0xFFFF, 0xFFFF, 0xFFFF, 0xFFFF, 0xFFFF, 0xFFFF, 0xFFFF, 0xFFFF,
  0xFFFF, 0xFFFF, 0xFFFF, 0xFFFF, 0xFFFF, 0xFFFF, 0xFFFF, 0xFFFF, 0xF7BF, 0x54F9, 0x1C59, 0x2C99,
  0x2499, 0x2C99, 0x249A, 0x1C58, 0xB6BC, 0xFFFF, 0xFFFF, 0xFFFF, 0xFFFF, 0xFFFF, 0xFFFF, 0xF7DF,
  0x5D39, 0x1459, 0x2C9A, 0x2499, 0x2C99, 0x2499, 0x2458, 0xBEBC, 0xFFFF, 0xFFFF, 0xFFFF, 0xFFFF,
  0xFFFF, 0xFFFF, 0xFFFF, 0xD69A, 0x73AE, 0x73AE, 0xFFFF, 0x8C71, 0xE75D, 0xF7BE, 0xF7BE, 0xFFFF,
  0xFFFF, 0xFFFF, 0xFFFF, 0xFFFF, 0xFFFF, 0xFFFF, 0xFFFF, 0xFFFF, 0xFFFF, 0x9E7D, 0x1459, 0x2C99,
  0x1C7A, 0x9511, 0xFDE9, 0xB468, 0x8326, 0xB448, 0xF5EB, 0xEDAA, 0xED8A, 0xEDEA, 0xE3E8, 0xD984,
  0xD1E5, 0xE1E4, 0x91A6, 0x0928, 0x1928, 0x1128, 0x1128, 0x1128, 0x1128, 0x1128, 0x1128, 0x1128,
  0x1128, 0x1128, 0x1128, 0x1128, 0x1128, 0x1128, 0x1128, 0x1928, 0x0928, 0x5967, 0xE1E4, 0xD9E5,
  0xD9A4, 0xE468, 0xEDCA, 0xED8A, 0xEDAA, 0xEDAA, 0xEDAA, 0xEDAA, 0xE58A, 0xFDA9, 0x8D11, 0x1C7A,
  0x2C99, 0x1459, 0xA67D, 0xFFFF, 0xFFFF, 0xFFFF, 0xFFFF, 0xFFFF, 0xFFFF, 0xFFFF, 0xFFFF, 0xFFFF,
  0xFFFF, 0xFFFF, 0xFFFF, 0xFFFF, 0xFFFF, 0xFFFF, 0xFFFF, 0xF7BF, 0x54F9, 0x1C59, 0x2C99, 0x2499,
  0x2C99, 0x2499, 0x1C58, 0xB6BC, 0xFFFF, 0xFFFF, 0xFFFF, 0xFFFF, 0xFFFF, 0xFFFF, 0xFFFF, 0xFFFF,
  0xF7DF, 0x5D39, 0x1459, 0x2C99, 0x2499, 0x2C99, 0x2479, 0x2458, 0xDF5E, 0xFFFF, 0xFFFF, 0xFFFF,
  0xFFFF, 0xFFFF, 0xFFFF, 0xC638, 0x39E7, 0xD69A, 0xFFFF, 0xE71C, 0x8C71, 0xC618, 0xBDD7, 0xFFFF,
  0xFFFF, 0xFFFF, 0xFFFF, 0xFFFF, 0xFFFF, 0xFFFF, 0xFFFF, 0xFFFF, 0xFFFF, 0x44FA, 0x2479, 0x249A,
  0x2C99, 0xE5CC, 0xAC27, 0x3142, 0x6AC5, 0x3142, 0x49C3, 0xE58A, 0xEDAA, 0xEDCA, 0xDAC6, 0xD9A4,
  0xD9E5, 0xE1E4, 0x5167, 0x0928, 0x1928, 0x1128, 0x1128, 0x1128, 0x1128, 0x1128, 0x1128, 0x1128,
  0x1128, 0x1128, 0x1128, 0x1128, 0x1128, 0x1128, 0x1128, 0x1928, 0x1128, 0x2148, 0xC9C5, 0xD9E4,
  0xD9A4, 0xE326, 0xEDCA, 0xED8A, 0xEDAA, 0xEDAA, 0xED8A, 0xED8A, 0xF5EB, 0xF5AA, 0xDD8C, 0x2C99,
  0x249A, 0x2479, 0x44FA, 0xFFDF, 0xFFFF, 0xFFFF, 0xFFFF, 0xFFFF, 0xFFFF, 0xFFFF, 0xFFFF, 0xFFFF,
  0xFFFF, 0xFFFF, 0xFFFF, 0xFFFF, 0xFFFF, 0xFFFF, 0xF7BF, 0x5519, 0x1C59, 0x2C99, 0x2499, 0x2C99,
  0x2499, 0x1C58, 0xB6BC, 0xFFFF, 0xFFFF, 0xFFFF, 0xFFFF, 0xFFFF, 0xFFFF, 0xFFFF, 0xFFFF, 0xFFFF,
  0xFFFF, 0xF7DF, 0x5D39, 0x1C59, 0x2C99, 0x2499, 0x2C99, 0x1C59, 0xCF1D, 0xFFFF, 0xFFFF, 0xFFFF,
  0xFFFF, 0xFFFF, 0xFFFF, 0xE71C, 0xB5B6, 0xFFFF, 0xFFDF, 0xFFFF, 0xD69A, 0x73AE, 0x4A69, 0xF7BE,
  0xFFFF, 0xFFFF, 0xFFFF, 0xFFFF, 0xFFFF, 0xFFFF, 0xFFFF, 0xFFFF, 0xAEBD, 0x1C59, 0x2C99, 0x1C7A,
  0x74F3, 0xFE2A, 0x49E4, 0xC4A8, 0xFE8C, 0xFDEB, 0x6264, 0x72C5, 0xFE2B, 0xE509, 0xD9E4, 0xD9C4,
  0xD9E4, 0xC9C5, 0x2148, 0x1128, 0x1928, 0x1128, 0x1128, 0x1128, 0x1128, 0x1128, 0x1128, 0x1128,
  0x1128, 0x1128, 0x1128, 0x1128, 0x1128, 0x1128, 0x1128, 0x1128, 0x1928, 0x0928, 0x99A6, 0xE1E4,
  0xD1C4, 0xDA05, 0xED4A, 0xEDAA, 0xED8A, 0xE58A, 0xF5EB, 0xFE0B, 0xBC68, 0xDD4A, 0xFDC9, 0x7CF3,
  0x1C7A, 0x2C99, 0x1459, 0xA67D, 0xFFFF, 0xFFFF, 0xFFFF, 0xFFFF, 0xFFFF, 0xFFFF, 0xFFFF, 0xFFFF,
  0xFFFF, 0xFFFF, 0xFFFF, 0xFFFF, 0xFFFF, 0xF7BF, 0x54F9, 0x1C59, 0x2C99, 0x2499, 0x2C99, 0x249A,
  0x1C58, 0xB6BC, 0xFFFF, 0xFFFF, 0xFFFF, 0xFFFF, 0xFFFF, 0xFFFF, 0xFFFF, 0xFFFF, 0xFFFF, 0xFFFF,
  0xFFFF, 0xFFFF, 0xF7DF, 0x44D9, 0x2479, 0x2C99, 0x2C99, 0x2459, 0xCF1D, 0xFFFF, 0xFFFF, 0xFFFF,
  0xFFFF, 0xFFFF, 0xFFFF, 0xFFFF, 0xFFFF, 0xFFFF, 0xFFFF, 0xFFFF, 0xFFFF, 0xE71C, 0x5AEB, 0xD69A,
  0xFFFF, 0xFFFF, 0xFFFF, 0xFFFF, 0xFFFF, 0xFFFF, 0xFFFF, 0xFFDF, 0x44FA, 0x2479, 0x2C99, 0x2499,
  0xCD6C, 0xFE0A, 0x7B06, 0x49C3, 0xDD49, 0xFE4B, 0x9BC7, 0x6264, 0xFE6B, 0xDBC7, 0xD984, 0xD1E5,
  0xE1E4, 0x99A6, 0x0928, 0x1928, 0x1128, 0x1128, 0x1128, 0x1128, 0x1128, 0x1128, 0x1128, 0x1128,
  0x1128, 0x1128, 0x1128, 0x1128, 0x1128, 0x1128, 0x1128, 0x1128, 0x1928, 0x0928, 0x5167, 0xE1E4,
  0xD9E5, 0xD984, 0xE408, 0xEDEA, 0xF5AA, 0xFE0B, 0xBC88, 0x49E3, 0x18A1, 0x8326, 0xFE0A, 0xD56C,
  0x2C99, 0x2499, 0x2479, 0x34BA, 0xEFBF, 0xFFFF, 0xFFFF, 0xFFFF, 0xFFFF, 0xFFFF, 0xFFFF, 0xFFFF,
  0xFFFF, 0xFFFF, 0xFFFF, 0xFFFF, 0xF7BF, 0x54F9, 0x1C59, 0x2C99, 0x2499, 0x2C99, 0x249A, 0x1C58,
  0xB6BC, 0xFFFF, 0xFFFF, 0xFFFF, 0xFFFF, 0xFFFF, 0xFFFF, 0xFFFF, 0xFFFF, 0xFFFF, 0xFFFF, 0xFFFF,
  0xFFFF, 0xFFFF, 0xFFFF, 0x553A, 0x1C79, 0x2C99, 0x2C99, 0x1C59, 0xCF1D, 0xFFFF, 0xFFFF, 0xFFFF,
  0xFFFF, 0xFFFF, 0xFFFF, 0xFFFF, 0xFFFF, 0xFFFF, 0xFFFF, 0xDEDB, 0xFFFF, 0xFFFF, 0xFFFF, 0xFFFF,
  0xFFFF, 0xFFFF, 0xFFFF, 0xFFFF, 0xFFFF, 0xFFFF, 0xFFFF, 0x9E5D, 0x1459, 0x2C99, 0x1C7A, 0x6CF4,
  0xF5A9, 0xE58A, 0xEDAA, 0x6A84, 0x2902, 0x49C3, 0x3963, 0xD509, 0xF5CA, 0xDA65, 0xD9C4, 0xD9E5,
  0xE1E4, 0x5167, 0x0928, 0x1928, 0x1128, 0x1128, 0x1128, 0x1128, 0x1128, 0x1128, 0x1128, 0x1128,
  0x1128, 0x1128, 0x1128, 0x1128, 0x1128, 0x1128, 0x1128, 0x1128, 0x1928, 0x1128, 0x1928, 0xC1C5,
  0xE1E4, 0xD9A4, 0xDA85, 0xF5CA, 0xCCE9, 0x5A24, 0x2902, 0x8B66, 0xE56A, 0x49E3, 0xDD4A, 0xFDC9,
  0x8512, 0x1C7A, 0x2C99, 0x1C59, 0x7DFC, 0xFFFF, 0xFFFF, 0xFFFF, 0xFFFF, 0xFFFF, 0xFFFF, 0xFFFF,
  0xFFFF, 0xFFFF, 0xFFFF, 0xF7BF, 0x54F9, 0x1C59, 0x2C99, 0x2499, 0x2C99, 0x249A, 0x1C58, 0xB6BC,
  0xFFFF, 0xFFFF, 0xFFFF, 0xFFFF, 0xFFFF, 0xFFFF, 0xFFFF, 0xFFFF, 0xFFFF, 0xFFFF, 0xFFFF, 0xFFFF,
  0xFFFF, 0xFFFF, 0xFFFF, 0x5519, 0x1C79, 0x2C99, 0x2C99, 0x1C59, 0xCF1D, 0xFFFF, 0xFFFF, 0xFFFF,
  0xFFFF, 0xFFFF, 0xFFFF, 0xBDF7, 0x9492, 0xBDF7, 0xAD75, 0x630C, 0xF79E, 0xFFFF, 0xFFDF, 0xFFFF,
  0xFFFF, 0xFFFF, 0xFFFF, 0xFFFF, 0xFFFF, 0xFFFF, 0xE79F, 0x2C99, 0x2479, 0x2499, 0x2C99, 0xD56C,
  0xFE0A, 0xFE0B, 0xFE0B, 0xFE2B, 0xDD29, 0xB448, 0xE54A, 0xF60B, 0xE468, 0xD9A4, 0xD9E5, 0xE1E4,
  0xC1C5, 0x1928, 0x1128, 0x1128, 0x1128, 0x1128, 0x1128, 0x1128, 0x1128, 0x1128, 0x1128, 0x1128,
  0x1128, 0x1128, 0x1128, 0x1128, 0x1128, 0x1128, 0x1128, 0x1128, 0x1128, 0x1928, 0x0928, 0x7986,
  0xE9E4, 0xD1E5, 0xD184, 0xF4E9, 0x93C7, 0x3122, 0xFE2B, 0xFEAC, 0xD509, 0x3142, 0xE56A, 0xEDAA,
  0xE58B, 0x3C98, 0x247A, 0x2C99, 0x1C59, 0xC71E, 0xFFFF, 0xFFFF, 0xFFFF, 0xFFFF, 0xFFFF, 0xFFFF,
  0xFFFF, 0xFFFF, 0xF7BF, 0x54F9, 0x1C59, 0x2C99, 0x2499, 0x2C99, 0x2499, 0x1C58, 0xB6BC, 0xFFFF,
  0xFFFF, 0xFFFF, 0xFFFF, 0xFFFF, 0xFFFF, 0xFFFF, 0xFFFF, 0xFFFF, 0xFFFF, 0xFFFF, 0xFFFF, 0xFFFF,
  0xFFFF, 0xFFFF, 0xFFFF, 0x5519, 0x1C79, 0x2C99, 0x2C99, 0x1C59, 0xCF1D, 0xFFFF, 0xFFFF, 0xFFFF,
  0xFFFF, 0xFFFF, 0xFFFF, 0xE71C, 0x9CD3, 0xAD95, 0x4208, 0x630C, 0xCE59, 0xFFFF, 0xFFFF, 0xFFFF,
  0xFFFF, 0xFFFF, 0xFFFF, 0xFFFF, 0xFFFF, 0xFFFF, 0x657B, 0x1C59, 0x2C99, 0x1C7A, 0x8512, 0xFDC9,
  0x8B66, 0x8B46, 0xA3E7, 0xCCC9, 0xE58A, 0xFDEB, 0xEDAA, 0xEDCA, 0xDAE6, 0xD9A4, 0xD1E5, 0xE9E4,
  0x7986, 0x0928, 0x1928, 0x1128, 0x1128, 0x1128, 0x1128, 0x1128, 0x1128, 0x1128, 0x1128, 0x1128,
  0x1128, 0x1128, 0x1128, 0x1128, 0x1128, 0x1128, 0x1128, 0x1128, 0x1128, 0x1928, 0x1128, 0x2947,
  0xD1C5, 0xD9E4, 0xD9A4, 0xDAC6, 0xF5EB, 0x5A24, 0x7AE5, 0x8305, 0x20C1, 0x9366, 0xFE2B, 0xF5EB,
  0xF5A9, 0xA530, 0x1C7A, 0x2C99, 0x2479, 0x3CDA, 0xF7DF, 0xFFFF, 0xFFFF, 0xFFFF, 0xFFFF, 0xFFFF,
  0xFFFF, 0xF7BF, 0x5519, 0x1C59, 0x2C99, 0x2499, 0x2C99, 0x2499, 0x1C58, 0xB6BC, 0xFFFF, 0xFFFF,
  0xFFFF, 0xFFFF, 0xFFFF, 0xFFFF, 0xFFFF, 0xFFFF, 0xFFFF, 0xFFFF, 0xFFFF, 0xFFFF, 0xFFFF, 0xFFFF,
  0xFFFF, 0xFFFF, 0xFFFF, 0x5519, 0x1C79, 0x2C99, 0x2C99, 0x1C59, 0xCF1D, 0xFFFF, 0xFFFF, 0xFFFF,
  0xFFFF, 0xFFFF, 0xF7BE, 0xAD55, 0x8C51, 0xBDD7, 0x39C7, 0x94B2, 0xFFDF, 0xFFFF, 0xFFFF, 0xFFFF,
  0xFFFF, 0xFFFF, 0xFFFF, 0xFFFF, 0xFFFF, 0xA69D, 0x1C59, 0x2C99, 0x247A, 0x3CB7, 0xE58A, 0xFDEA,
  0x4183, 0x2902, 0x7AE5, 0x20C1, 0x2902, 0x7AE5, 0xF60B, 0xE4A9, 0xD9C4, 0xD9E4, 0xD9E4, 0xD1C5,
  0x2947, 0x1128, 0x1928, 0x1128, 0x1128, 0x1128, 0x1128, 0x1128, 0x1128, 0x1128, 0x1128, 0x1128,
  0x1128, 0x1128, 0x1128, 0x1128, 0x1128, 0x1128, 0x1128, 0x1128, 0x1128, 0x1128, 0x1928, 0x0928,
  0x89A6, 0xE1E4, 0xD1E5, 0xD9A4, 0xECA9, 0xE58A, 0x72C5, 0x6264, 0xBC88, 0xFE6C, 0xBC88, 0x72E5,
  0xF5CB, 0xF5A9, 0x64D5, 0x1C7A, 0x2C99, 0x1C59, 0x6D9B, 0xFFFF, 0xFFFF, 0xFFFF, 0xFFFF, 0xFFFF,
  0xF7DF, 0x5519, 0x1C59, 0x2C99, 0x2499, 0x2C99, 0x249A, 0x1C58, 0xB6BC, 0xFFFF, 0xFFFF, 0xFFFF,
  0xFFFF, 0xFFFF, 0xFFFF, 0xFFFF, 0xFFFF, 0xFFFF, 0xFFFF, 0xFFFF, 0xFFFF, 0xFFFF, 0xFFFF, 0xFFFF,
  0xFFFF, 0xFFFF, 0xFFFF, 0x5519, 0x1C79, 0x2C99, 0x2C99, 0x1C59, 0xCF1D, 0xFFFF, 0xFFFF, 0xFFFF,
  0xFFFF, 0xFFFF, 0xEF7D, 0x52AA, 0x528A, 0xBDD7, 0x73AE, 0x31A6, 0xDEDB, 0xFFFF, 0xFFFF, 0xFFFF,
  0xFFFF, 0xFFFF, 0xFFFF, 0xFFFF, 0xD75E, 0x2479, 0x2499, 0x2C99, 0x1C7A, 0xB54E, 0xF589, 0xEDAA,
  0xED8A, 0x49C3, 0x9BA7, 0x5A44, 0xD509, 0xDD29, 0xEDEA, 0xDAE6, 0xD9A4, 0xD1E5, 0xE9E4, 0x8986,
  0x0928, 0x1928, 0x1128, 0x1128, 0x1128, 0x1128, 0x1128, 0x1128, 0x1128, 0x1128, 0x1128, 0x1128,
  0x1128, 0x1128, 0x1128, 0x1128, 0x1128, 0x1128, 0x1128, 0x1128, 0x1128, 0x1128, 0x1928, 0x1128,
  0x3147, 0xD9E4, 0xD9E4, 0xD9A4, 0xDAA6, 0xEDCA, 0xFE0B, 0xFE4B, 0xFE2B, 0x8326, 0x3142, 0x3142,
  0x93A7, 0xFE0A, 0xDD6B, 0x3498, 0x247A, 0x2C99, 0x1459, 0x963C, 0xFFFF, 0xFFFF, 0xFFFF, 0xFFFF,
  0xA65C, 0x1438, 0x2C9A, 0x2499, 0x2C99, 0x249A, 0x1C58, 0xB6BC, 0xFFFF, 0xFFFF, 0xFFFF, 0xFFFF,
  0xFFFF, 0xFFFF, 0xFFFF, 0xFFFF, 0xFFFF, 0xFFFF, 0xFFFF, 0xFFFF, 0xFFFF, 0xFFFF, 0xFFFF, 0xFFFF,
  0xFFFF, 0xFFFF, 0xFFFF, 0x5519, 0x1C79, 0x2C99, 0x2C99, 0x2459, 0xCF1D, 0xFFFF, 0xFFFF, 0xFFFF,
  0xFFFF, 0xFFFF, 0xFFFF, 0xA514, 0x73AE, 0xDEDB, 0x5B0C, 0x4A49, 0xE73C, 0xFFFF, 0xFFFF, 0xFFFF,
  0xFFFF, 0xFFFF, 0xFFFF, 0xEFBF, 0x3CDA, 0x2479, 0x2C99, 0x1C7B, 0x7CF3, 0xFDC9, 0xFE0B, 0xFE0B,
  0xF5EB, 0xD509, 0x0020, 0x9386, 0xFE2B, 0xEDCA, 0xE4A9, 0xD9A4, 0xD9E4, 0xD9E4, 0xD9E4, 0x3147,
  0x1128, 0x1928, 0x1128, 0x1128, 0x1128, 0x1128, 0x1128, 0x1128, 0x1128, 0x1128, 0x1128, 0x1128,
  0x1128, 0x1128, 0x1128, 0x1128, 0x1128, 0x1128, 0x1128, 0x1128, 0x1128, 0x1128, 0x1128, 0x1928,
  0x0928, 0x89A6, 0xE9E4, 0xD1E5, 0xD9A4, 0xE428, 0xEDEA, 0xCCC9, 0x49E3, 0x18A1, 0x7B05, 0xFE2B,
  0x3162, 0xC4C9, 0xFDE9, 0xB54E, 0x1C7A, 0x2C99, 0x2C99, 0x1C59, 0xAEBD, 0xFFFF, 0xF7DF, 0xFFFF,
  0x8DFB, 0x1C59, 0x2CBA, 0x2C99, 0x249A, 0x1C58, 0xB6BC, 0xFFFF, 0xFFFF, 0xFFFF, 0xFFFF, 0xFFFF,
  0xFFFF, 0xFFFF, 0xFFFF, 0xFFFF, 0xFFFF, 0xFFFF, 0xFFFF, 0xFFFF, 0xFFFF, 0xFFFF, 0xFFFF, 0xFFFF,
  0xFFFF, 0xFFFF, 0xFFFF, 0x5519, 0x1C79, 0x2C99, 0x2C9A, 0x1C58, 0xD73D, 0xFFFF, 0xFFFF, 0xFFFF,
  0xFFFF, 0xFFFF, 0xFFFF, 0xF7BE, 0x2945, 0x8430, 0x528A, 0x6B4D, 0xF7BE, 0xFFFF, 0xFFFF, 0xFFFF,
  0xFFFF, 0xFFFF, 0xFFDF, 0x553B, 0x1C59, 0x2C99, 0x1C7A, 0x4CB6, 0xF5CA, 0xDD49, 0x7AE5, 0x7B05,
  0xDD4A, 0xFE2B, 0xB448, 0x3983, 0xEDAA, 0xEDAA, 0xDAA6, 0xD9A4, 0xD1E5, 0xE9E4, 0x8986, 0x0928,
  0x1928, 0x1128, 0x1128, 0x1128, 0x1128, 0x1128, 0x1128, 0x1128, 0x1128, 0x1128, 0x1128, 0x1128,
  0x1128, 0x1128, 0x1128, 0x1128, 0x1128, 0x1128, 0x1128, 0x1128, 0x1128, 0x1128, 0x1128, 0x1928,
  0x1128, 0x2947, 0xD1E5, 0xD9E4, 0xD9C4, 0xDA25, 0xFDEB, 0x6AA5, 0x41A3, 0xFE4B, 0x41C3, 0xC4A8,
  0xD509, 0xCCE9, 0xEDCB, 0xFDA9, 0x8D11, 0x147B, 0x2C99, 0x2499, 0x2479, 0xBEDD, 0xFFFF, 0xFFFF,
  0xD73D, 0x1C58, 0x1C59, 0x1C59, 0x1C58, 0xB6BC, 0xFFFF, 0xFFFF, 0xFFFF, 0xFFFF, 0xFFFF, 0xFFFF,
  0xFFFF, 0xFFFF, 0xFFFF, 0xFFFF, 0xFFFF, 0xFFFF, 0xFFFF, 0xFFFF, 0xFFFF, 0xFFFF, 0xFFFF, 0xFFFF,
  0xFFFF, 0xFFFF, 0xFFFF, 0xA65C, 0x1418, 0x1C79, 0x1439, 0x5519, 0xFFDF, 0xFFFF, 0xFFFF, 0xFFFF,
  0xFFFF, 0xFFDF, 0xFFFF, 0x9CF3, 0x5ACB, 0xCE59, 0x9492, 0x8410, 0xBDD7, 0xEF7D, 0xFFFF, 0xF7BE,
  0xEF5C, 0xFFFF, 0x657B, 0x1C59, 0x2C99, 0x247A, 0x3498, 0xDD8C, 0xE569, 0x5204, 0x8325, 0x6264,
  0x20E2, 0xCCE9, 0xFDEB, 0xD4E9, 0xEDCA, 0xE408, 0xD9A4, 0xD9E5, 0xD9E4, 0xD1C5, 0x2947, 0x1128,
  0x1928, 0x1128, 0x1128, 0x1128, 0x1128, 0x1128, 0x1128, 0x1128, 0x1128, 0x1128, 0x1128, 0x1128,
  0x1128, 0x1128, 0x1128, 0x1128, 0x1128, 0x1128, 0x1128, 0x1128, 0x1128, 0x1128, 0x1128, 0x1128,
  0x1928, 0x0928, 0x7986, 0xE9E4, 0xD1E5, 0xD984, 0xE367, 0xEDCA, 0x49C3, 0xC4C9, 0xDD4A, 0xD4E9,
  0xF5EB, 0xF5CA, 0xED8A, 0xEDAA, 0xF5A9, 0x74F4, 0x147B, 0x2C99, 0x2479, 0x2479, 0xB6DD, 0xFFFF,
  0xFFFF, 0xC6DD, 0x655A, 0x655A, 0xC6FD, 0xFFFF, 0xFFFF, 0xFFFF, 0xFFFF, 0xFFFF, 0xFFFF, 0xFFFF,
  0xFFFF, 0xFFFF, 0xFFFF, 0xFFFF, 0xFFFF, 0xFFFF, 0xFFFF, 0xFFFF, 0xFFFF, 0xFFFF, 0xFFFF, 0xFFFF,
  0xFFFF, 0xFFFF, 0xFFFF, 0xFFFF, 0xAE7C, 0x655A, 0x85DB, 0xEF9E, 0xFFFF, 0xFFFF, 0xFFFF, 0xFFFF,
  0xFFFF, 0xFFFF, 0xFFFF, 0xD6BA, 0xD6DB, 0xFFFF, 0xFFFF, 0xE71C, 0x94D3, 0x632C, 0x6B4D, 0x7BEF,
  0xC5F7, 0x6D9C, 0x1439, 0x2C99, 0x2499, 0x249A, 0xBD4D, 0xFE2A, 0x6AA5, 0x3142, 0xFE6C, 0xFE8C,
  0x8346, 0x49E3, 0xFDEB, 0xEDCA, 0xED4A, 0xDA05, 0xD9C4, 0xD1E5, 0xE9E4, 0x7986, 0x0928, 0x1928,
  0x1128, 0x1128, 0x1128, 0x1128, 0x1128, 0x1128, 0x1128, 0x1128, 0x1128, 0x1128, 0x1128, 0x1128,
  0x1128, 0x1128, 0x1128, 0x1128, 0x1128, 0x1128, 0x1128, 0x1128, 0x1128, 0x1128, 0x1128, 0x1128,
  0x1928, 0x1128, 0x1928, 0xC1C5, 0xE1E4, 0xD9E5, 0xD1A4, 0xF4E9, 0xAC68, 0x8306, 0xFE0B, 0xEDAA,
  0xED8A, 0xED8A, 0xEDAA, 0xE56A, 0xED8A, 0xF5AA, 0x64D5, 0x1C7A, 0x2C99, 0x2479, 0x1C79, 0xA69D,
  0xFFFF, 0xFFFF, 0xFFFF, 0xFFFF, 0xFFFF, 0xFFFF, 0xFFFF, 0xFFFF, 0xFFFF, 0xFFFF, 0xFFFF, 0xFFFF,
  0xFFFF, 0xFFFF, 0xFFFF, 0xFFFF, 0xFFFF, 0xFFFF, 0xFFFF, 0xFFFF, 0xFFFF, 0xFFFF, 0xFFFF, 0xFFFF,
  0xFFFF, 0xFFFF, 0xFFFF, 0xFFFF, 0xFFFF, 0xFFFF, 0xFFFF, 0xFFFF, 0xFFFF, 0xFFFF, 0xFFFF, 0xFFFF,
  0xFFFF, 0xFFFF, 0xFFFF, 0xFFFF, 0xFFFF, 0xFFFF, 0xFFFF, 0xFFFF, 0xFFFF, 0xFFFF, 0xF79D, 0xEFBF,
  0x659C, 0x1459, 0x2C99, 0x2499, 0x247A, 0xAD4F, 0xFDA9, 0xEDAA, 0xE56A, 0x5224, 0x2922, 0xDD49,
  0xDD4A, 0x41A3, 0xF5CA, 0xEDCA, 0xDB06, 0xD9A4, 0xD9E5, 0xE1E4, 0xB9C5, 0x1928, 0x1128, 0x1928,
  0x1128, 0x1128, 0x1128, 0x1128, 0x1128, 0x1128, 0x1128, 0x1128, 0x1128, 0x1128, 0x1128, 0x1128,
  0x1128, 0x1128, 0x1128, 0x1128, 0x1128, 0x1128, 0x1128, 0x1128, 0x1128, 0x1128, 0x1128, 0x1128,
  0x1128, 0x1928, 0x0928, 0x4967, 0xE1E4, 0xD9E5, 0xD9C4, 0xDA25, 0xF58A, 0xF5CA, 0xED8A, 0xED8A,
  0xEDAA, 0xEDAA, 0xE58A, 0x3963, 0xD509, 0xEDAA, 0xED8A, 0x5CD5, 0x147A, 0x2C99, 0x2499, 0x1C59,
  0x8E1C, 0xFFFF, 0xFFFF, 0xFFFF, 0xFFFF, 0xFFFF, 0xFFFF, 0xFFFF, 0xFFFF, 0xFFFF, 0xFFFF, 0xFFFF,
  0xFFFF, 0xFFFF, 0xFFFF, 0xFFFF, 0xFFFF, 0xFFFF, 0xFFFF, 0xFFFF, 0xFFFF, 0xFFFF, 0xFFFF, 0xFFFF,
  0xFFFF, 0xFFFF, 0xFFFF, 0xFFFF, 0xFFFF, 0xFFFF, 0xFFFF, 0xFFFF, 0xFFFF, 0xFFFF, 0xFFFF, 0xFFFF,
  0xFFFF, 0xFFFF, 0xFFFF, 0xFFFF, 0xFFFF, 0xFFFF, 0xFFFF, 0xFFFF, 0xFFDF, 0xFFFF, 0xDF7F, 0x44FA,
  0x1C39, 0x2C99, 0x2499, 0x1C7A, 0xAD2F, 0xFDA9, 0xEDAA, 0xED8A, 0xF5CA, 0xFE4B, 0x8346, 0x2902,
  0x3962, 0xA3C7, 0xFE2B, 0xE408, 0xD9A4, 0xD9E5, 0xD9E4, 0xE1E4, 0x4967, 0x0928, 0x1928, 0x1128,
  0x1128, 0x1128, 0x1128, 0x1128, 0x1128, 0x1128, 0x1128, 0x1128, 0x1128, 0x1128, 0x1128, 0x1128,
  0x1128, 0x1128, 0x1128, 0x1128, 0x1128, 0x1128, 0x1128, 0x1128, 0x1128, 0x1128, 0x1128, 0x1128,
  0x1128, 0x1128, 0x1928, 0x0928, 0x89A6, 0xE9E4, 0xD1E5, 0xD9A4, 0xDB06, 0xEDCA, 0xED8A, 0xEDAA,
  0xE58A, 0xFE0B, 0x8326, 0x41C3, 0xFE0B, 0xFE0B, 0xF5CA, 0xEDAA, 0x64D5, 0x147B, 0x2C99, 0x2C99,
  0x1459, 0x657B, 0xEF9F, 0xFFFF, 0xFFFF, 0xFFFF, 0xFFFF, 0xFFFF, 0xFFFF, 0xFFFF, 0xFFFF, 0xFFFF,
  0xFFFF, 0xFFFF, 0xFFFF, 0xFFFF, 0xFFFF, 0xFFFF, 0xFFFF, 0xFFFF, 0xFFFF, 0xFFFF, 0xFFFF, 0xFFFF,
  0xFFFF, 0xFFFF, 0xFFFF, 0xFFFF, 0xFFFF, 0xFFFF, 0xFFFF, 0xFFFF, 0xFFFF, 0xFFFF, 0xFFFF, 0xFFFF,
  0xFFFF, 0xFFFF, 0xFFFF, 0xFFFF, 0xFFFF, 0xFFFF, 0xFFFF, 0xFFFF, 0xFFFF, 0xAEBD, 0x2C99, 0x1C59,
  0x2C99, 0x247A, 0x247A, 0xAD2F, 0xFDC9, 0xEDAA, 0xE58A, 0xF5CA, 0xDD4A, 0xB468, 0xFE4B, 0xB468,
  0x7AC5, 0xFE0B, 0xE4E9, 0xD9E4, 0xD9C4, 0xD1E5, 0xE9E4, 0x8986, 0x0928, 0x1928, 0x1128, 0x1128,
  0x1128, 0x1128, 0x1128, 0x1128, 0x1128, 0x1128, 0x1128, 0x1128, 0x1128, 0x1128, 0x1128, 0x1128,
  0x1128, 0x1128, 0x1128, 0x1128, 0x1128, 0x1128, 0x1128, 0x1128, 0x1128, 0x1128, 0x1128, 0x1128,
  0x1128, 0x1128, 0x1928, 0x1128, 0x1928, 0xC1C5, 0xE1E4, 0xD9E5, 0xD984, 0xE3E7, 0xEDEB, 0xED8A,
  0xEDAA, 0xED8A, 0x3142, 0xE56A, 0xE58A, 0x6AA5, 0xAC28, 0xF5CA, 0xED89, 0x74F3, 0x1C7A, 0x2499,
  0x2C99, 0x1C59, 0x34BA, 0xB6DD, 0xFFFF, 0xFFFF, 0xFFFF, 0xFFFF, 0xFFFF, 0xFFFF, 0xFFFF, 0xFFFF,
  0xFFFF, 0xFFFF, 0xFFFF, 0xFFFF, 0xFFFF, 0xFFFF, 0xFFFF, 0xFFFF, 0xFFFF, 0xFFFF, 0xFFFF, 0xFFFF,
  0xFFFF, 0xFFFF, 0xFFFF, 0xFFFF, 0xFFFF, 0xFFFF, 0xFFFF, 0xFFFF, 0xFFFF, 0xFFFF, 0xFFFF, 0xFFFF,
  0xFFFF, 0xFFFF, 0xFFFF, 0xFFFF, 0xFFFF, 0xFFFF, 0xFFFF, 0xEFBF, 0x75BB, 0x1C59, 0x2479, 0x2C99,
  0x1C7A, 0x2C99, 0xBD4E, 0xFE09, 0xCD09, 0xE56A, 0xFDEB, 0xEDAA, 0x5204, 0x93A7, 0xF5CA, 0xF5CA,
  0xFE0B, 0xED8A, 0xDA65, 0xD9A4, 0xD9E5, 0xE1E4, 0xC1C5, 0x1928, 0x1128, 0x1928, 0x1128, 0x1128,
  0x1128, 0x1128, 0x1128, 0x1128, 0x1128, 0x1128, 0x1128, 0x1128, 0x1128, 0x1128, 0x1128, 0x1128,
  0x1128, 0x1128, 0x1128, 0x1128, 0x1128, 0x1128, 0x1128, 0x1128, 0x1128, 0x1128, 0x1128, 0x1128,
  0x1128, 0x1128, 0x1128, 0x1928, 0x0928, 0x4147, 0xD9E4, 0xD9E4, 0xD9E4, 0xD9A4, 0xE488, 0xEDCA,
  0xFDEB, 0x8326, 0x51E3, 0x8306, 0x2922, 0x6244, 0xD509, 0xFE2B, 0xFE0B, 0xFDA9, 0x9531, 0x247A,
  0x247A, 0x2C99, 0x2479, 0x1C59, 0x6D9B, 0xDF7E, 0xFFFF, 0xFFFF, 0xFFFF, 0xFFFF, 0xFFFF, 0xFFFF,
  0xFFFF, 0xFFFF, 0xFFFF, 0xFFFF, 0xFFFF, 0xFFFF, 0xFFFF, 0xFFFF, 0xFFFF, 0xFFFF, 0xFFFF, 0xFFFF,
  0xFFFF, 0xFFFF, 0xFFFF, 0xFFFF, 0xFFFF, 0xFFFF, 0xFFFF, 0xFFFF, 0xFFFF, 0xFFFF, 0xFFFF, 0xFFFF,
  0xFFFF, 0xFFFF, 0xFFFF, 0xFFFF, 0xFFFF, 0xFFFF, 0xAEBD, 0x3CDA, 0x1C59, 0x2C99, 0x2C99, 0x1C7A,
  0x44B7, 0xCD6C, 0xFDEA, 0x7B26, 0x4183, 0x3122, 0x9BA7, 0xF5CA, 0xBC88, 0xF5CA, 0xED8A, 0xED8A,
  0xEDAA, 0xDAE6, 0xD9A4, 0xD9E5, 0xD9E4, 0xD9E4, 0x3947, 0x0928, 0x1928, 0x1128, 0x1128, 0x1128,
  0x1128, 0x1128, 0x1128, 0x1128, 0x1128, 0x1128, 0x1128, 0x1128, 0x1128, 0x1128, 0x1128, 0x1128,
  0x1128, 0x1128, 0x1128, 0x1128, 0x1128, 0x1128, 0x1128, 0x1128, 0x1128, 0x1128, 0x1128, 0x1128,
  0x1128, 0x1128, 0x1128, 0x1128, 0x1928, 0x0928, 0x6966, 0xE9E4, 0xD1E5, 0xD9C4, 0xD9E4, 0xE4E9,
  0xF60B, 0x3962, 0x2902, 0x7B05, 0xD529, 0xFE6B, 0xD509, 0x6A84, 0x8B46, 0xEDAA, 0xFDC9, 0xBD4E,
  0x3CB8, 0x1C7A, 0x2C99, 0x2C99, 0x1C59, 0x2C99, 0x8E1C, 0xEF9F, 0xFFFF, 0xFFFF, 0xFFFF, 0xFFFF,
  0xFFFF, 0xFFFF, 0xFFFF, 0xFFFF, 0xFFFF, 0xFFFF, 0xFFFF, 0xFFFF, 0xFFFF, 0xFFFF, 0xFFFF, 0xFFFF,
  0xFFFF, 0xFFFF, 0xFFFF, 0xFFFF, 0xFFFF, 0xFFFF, 0xFFFF, 0xFFFF, 0xFFFF, 0xFFFF, 0xFFFF, 0xFFFF,
  0xFFFF, 0xFFFF, 0xFFFF, 0xFFFF, 0xC6FE, 0x555B, 0x1C59, 0x2479, 0x2C99, 0x247A, 0x1C7A, 0x74F4,
  0xEDAA, 0xFE0A, 0xBC88, 0x4183, 0xF5CA, 0xCCE9, 0x18A1, 0xAC28, 0xFE2B, 0xE58A, 0xED8A, 0xEDEA,
  0xE367, 0xD984, 0xD9E5, 0xD1E4, 0xE9E4, 0x6966, 0x0928, 0x1928, 0x1128, 0x1128, 0x1128, 0x1128,
  0x1128, 0x1128, 0x1128, 0x1128, 0x1128, 0x1128, 0x1128, 0x1128, 0x1128, 0x1128, 0x1128, 0x1128,
  0x1128, 0x1128, 0x1128, 0x1128, 0x1128, 0x1128, 0x1128, 0x1128, 0x1128, 0x1128, 0x1128, 0x1128,
  0x1128, 0x1128, 0x1128, 0x1128, 0x1128, 0x1928, 0x0928, 0x8986, 0xE9E4, 0xD1E5, 0xD9C4, 0xDA05,
  0xED29, 0xD529, 0xE549, 0xFE0B, 0xFDEB, 0xBC88, 0x18A1, 0x8B66, 0x6264, 0x6AA5, 0xF5EB, 0xF5A9,
  0xE58B, 0x74F4, 0x1C7A, 0x1C7A, 0x2C99, 0x2479, 0x1C59, 0x34BA, 0x861C, 0xDF7E, 0xFFFF, 0xFFFF,
  0xFFFF, 0xFFFF, 0xFFFF, 0xFFFF, 0xFFFF, 0xFFFF, 0xFFFF, 0xFFFF, 0xFFFF, 0xFFFF, 0xFFFF, 0xFFFF,
  0xFFFF, 0xFFFF, 0xFFFF, 0xFFFF, 0xFFFF, 0xFFFF, 0xFFFF, 0xFFFF, 0xFFFF, 0xFFFF, 0xFFFF, 0xFFFF,
  0xFFFF, 0xFFFF, 0xBEDD, 0x5D5B, 0x1C59, 0x1C59, 0x2C99, 0x2C99, 0x1C7A, 0x3498, 0xA52F, 0xFDC9,
  0xD509, 0xDD4A, 0xC4A8, 0x3142, 0xF5CA, 0xFE4B, 0xAC27, 0x41A3, 0xFDEB, 0xED8A, 0xEDEA, 0xE3C7,
  0xD984, 0xD9E5, 0xD1E4, 0xE9E4, 0x8986, 0x0928, 0x1928, 0x1128, 0x1128, 0x1128, 0x1128, 0x1128,
  0x1128, 0x1128, 0x1128, 0x1128, 0x1128, 0x1128, 0x1128, 0x1128, 0x1128, 0x1128, 0x1128, 0x1128,
  0x1128, 0x1128, 0x1128, 0x1128, 0x1128, 0x1128, 0x1128, 0x1128, 0x1128, 0x1128, 0x1128, 0x1128,
  0x1128, 0x1128, 0x1128, 0x1128, 0x1128, 0x1928, 0x1128, 0x1128, 0xA9A5, 0xE1E4, 0xD1E5, 0xD9A4,
  0xDA25, 0xED4A, 0xEDEA, 0xE56A, 0xF5CA, 0x3142, 0x93A7, 0xFE8C, 0xE56A, 0x3142, 0xEDAA, 0xE58A,
  0xEDAA, 0xFDA9, 0xB54E, 0x44B7, 0x1C7A, 0x249A, 0x2C99, 0x2479, 0x1C59, 0x2C99, 0x659B, 0xB6DD,
  0xEFBF, 0xFFFF, 0xFFFF, 0xFFFF, 0xFFFF, 0xFFFF, 0xFFFF, 0xFFFF, 0xFFFF, 0xFFFF, 0xFFFF, 0xFFFF,
  0xFFFF, 0xFFFF, 0xFFFF, 0xFFFF, 0xFFFF, 0xFFFF, 0xFFFF, 0xFFFF, 0xFFFF, 0xFFFF, 0xFFFF, 0xD75E,
  0x963C, 0x44FA, 0x1C59, 0x1C59, 0x2C99, 0x2C99, 0x1C7A, 0x247A, 0x74F3, 0xE5AB, 0xFDE9, 0xFE0B,
  0x72A5, 0x6A85, 0xFE6C, 0x51E3, 0x49C3, 0xF5EB, 0x9BA7, 0x5204, 0xFDEB, 0xEDCA, 0xE3C7, 0xD9A4,
  0xD9E5, 0xD1E4, 0xE1E4, 0xA1A5, 0x1128, 0x1128, 0x1928, 0x1128, 0x1128, 0x1128, 0x1128, 0x1128,
  0x1128, 0x1128, 0x1128, 0x1128, 0x1128, 0x1128, 0x1128, 0x1128, 0x1128, 0x1128, 0x1128, 0x1128,
  0x1128, 0x1128, 0x1128, 0x1128, 0x1128, 0x1128, 0x1128, 0x1128, 0x1128, 0x1128, 0x1128, 0x1128,
  0x1128, 0x1128, 0x1128, 0x1128, 0x1128, 0x1128, 0x1928, 0x1128, 0x1928, 0xB9C5, 0xE1E4, 0xD1E5,
  0xD9A4, 0xDA25, 0xE509, 0xF60B, 0xD4E9, 0x3962, 0xFE0B, 0xFE4B, 0x6AA5, 0x5204, 0xFE4B, 0x5204,
  0xB468, 0xF5CB, 0xFDC9, 0xEDAA, 0x9511, 0x3C98, 0x1C7A, 0x247A, 0x2C99, 0x2C99, 0x1C59, 0x1C59,
  0x34BA, 0x6D9B, 0xA67D, 0xD75E, 0xF7DF, 0xFFFF, 0xFFFF, 0xFFFF, 0xFFFF, 0xFFFF, 0xFFFF, 0xFFFF,
  0xFFFF, 0xFFFF, 0xFFFF, 0xFFFF, 0xFFFF, 0xFFFF, 0xFFFF, 0xE79F, 0xBEFE, 0x8E1C, 0x4D3A, 0x2479,
  0x1C59, 0x2479, 0x2C99, 0x2C99, 0x1C7A, 0x1C7A, 0x5CD5, 0xC56D, 0xFDC9, 0xD509, 0xAC48, 0xFE6B,
  0xB448, 0x3963, 0xF5EB, 0xEDAA, 0x5A44, 0x3983, 0x49C3, 0xD509, 0xF60B, 0xE3C7, 0xD9A4, 0xD9E4,
  0xD1E4, 0xE1E4, 0xB1C5, 0x1928, 0x1128, 0x1928, 0x1128, 0x1128, 0x1128, 0x1128, 0x1128, 0x1128,
  0x1128, 0x1128, 0x1128, 0x1128, 0x1128, 0x1128, 0x1128, 0x1128, 0x1128, 0x1128, 0x1128, 0x1128,
  0x1128, 0x1128, 0x1128, 0x1128, 0x1128, 0x1128, 0x1128, 0x1128, 0x1128, 0x1128, 0x1128, 0x1128,
  0x1128, 0x1128, 0x1128, 0x1128, 0x1128, 0x1128, 0x1128, 0x1928, 0x1128, 0x2128, 0xC1C5, 0xE1E4,
  0xD1E5, 0xD9C4, 0xDA05, 0xE4C9, 0xF60B, 0x5204, 0x7AE5, 0x72C5, 0x20E2, 0xE56A, 0xED8A, 0x2902,
  0xCCE9, 0xFE2B, 0xC4C9, 0xE56A, 0xFDC9, 0xE58B, 0x9511, 0x3CB7, 0x1C7A, 0x1C7A, 0x2C99, 0x2C99,
  0x2479, 0x1C59, 0x1C59, 0x2479, 0x3CDA, 0x5D5B, 0x7DDC, 0x965C, 0xAEBD, 0xBEFE, 0xC71E, 0xCF1E,
  0xCF1E, 0xC6FE, 0xB6DD, 0xA67D, 0x8E1C, 0x6D9B, 0x4D1A, 0x2CBA, 0x1C59, 0x1C59, 0x2479, 0x2C99,
  0x2C99, 0x249A, 0x1C7A, 0x247A, 0x5CD5, 0xBD4E, 0xFDEA, 0xF5A9, 0xEDCB, 0xCCC9, 0x20E2, 0x6AA5,
  0xF5EB, 0x3983, 0xD509, 0xF5CA, 0xFDEB, 0xDD29, 0xEDCA, 0xF60B, 0xE367, 0xD9A4, 0xD9E4, 0xD1E4,
  0xE1E4, 0xB9C5, 0x2128, 0x1128, 0x1928, 0x1128, 0x1128, 0x1128, 0x1128, 0x1128, 0x1128, 0x1128,
  0x1128, 0x1128, 0x1128, 0x1128, 0x1128, 0x1128, 0x1128, 0x1128, 0x1128, 0x1128, 0x1128, 0x1128,
  0x1128, 0x1128, 0x1128, 0x1128, 0x1128, 0x1128, 0x1128, 0x1128, 0x1128, 0x1128, 0x1128, 0x1128,
  0x1128, 0x1128, 0x1128, 0x1128, 0x1128, 0x1128, 0x1128, 0x1128, 0x1928, 0x0928, 0x2148, 0xC1C5,
  0xE1E4, 0xD1E5, 0xD9C4, 0xD9C4, 0xEC68, 0xE5CA, 0x7AE5, 0x72C5, 0xDD4A, 0xFE0B, 0xBC88, 0x41A3,
  0xFE6B, 0x72C5, 0x2902, 0xE56A, 0xDD6A, 0xE56A, 0xFDC9, 0xE58A, 0xAD2F, 0x5CD5, 0x2C99, 0x1C7A,
  0x1C7A, 0x249A, 0x2C99, 0x2C99, 0x2479, 0x1C59, 0x1C59, 0x1C59, 0x1C59, 0x1C59, 0x1C59, 0x1C79,
  0x1C59, 0x1C59, 0x1C59, 0x1C59, 0x1C59, 0x1C59, 0x2479, 0x2C79, 0x2C99, 0x2C99, 0x249A, 0x1C7A,
  0x1C7A, 0x3C98, 0x7CF3, 0xCD6D, 0xFE2A, 0xF5A9, 0xBC68, 0xE58A, 0xE58A, 0xF5EB, 0xED8A, 0x49C3,
  0x5204, 0x51E3, 0x9BC7, 0xFDEB, 0xE56A, 0xF5EA, 0xED8A, 0xDB06, 0xD984, 0xD9E5, 0xD1E4, 0xE1E4,
  0xB9C5, 0x2148, 0x1128, 0x1928, 0x1128, 0x1128, 0x1128, 0x1128, 0x1128, 0x1128, 0x1128, 0x1128,
  0x1128, 0x1128, 0x1128, 0x1128, 0x1128, 0x1128, 0x1128, 0x1128, 0x1128, 0x1128, 0x1128, 0x1128,
  0x1128, 0x1128, 0x1128, 0x1128, 0x1128, 0x1128, 0x1128, 0x1128, 0x1128, 0x1128, 0x1128, 0x1128,
  0x1128, 0x1128, 0x1128, 0x1128, 0x1128, 0x1128, 0x1128, 0x1128, 0x1128, 0x1928, 0x0928, 0x2128,
  0xB9C5, 0xE1E4, 0xD1E5, 0xD9C4, 0xD9A4, 0xE3C7, 0xFE2B, 0xFE2B, 0xED8A, 0xFE0B, 0x9386, 0x72A5,
  0x6AA5, 0x3142, 0xE56A, 0xF5CA, 0x3142, 0xC4A8, 0xF5CB, 0xEDAA, 0xFDA9, 0xF5A9, 0xD56C, 0x9531,
  0x5CD5, 0x3498, 0x1C7A, 0x1C7A, 0x1C7A, 0x249A, 0x249A, 0x2C99, 0x2C99, 0x2C99, 0x2C99, 0x2C99,
  0x2C99, 0x2C99, 0x2C99, 0x2C99, 0x2C9A, 0x249A, 0x1C7A, 0x1C7A, 0x1C7A, 0x2499, 0x44B7, 0x74D3,
  0xB54F, 0xEDCB, 0xFDC9, 0xED69, 0x93A7, 0x49E3, 0x72C5, 0xEDAA, 0xFDEB, 0xDD4A, 0xED8A, 0xFE0B,
  0x93A7, 0x1061, 0x72C5, 0xFE0B, 0xEDCA, 0xED29, 0xDA85, 0xD9A4, 0xD9E5, 0xD1E4, 0xE9E4, 0xB1C5,
  0x2128, 0x1128, 0x1928, 0x1128, 0x1128, 0x1128, 0x1128, 0x1128, 0x1128, 0x1128, 0x1128, 0x1128,
  0x1128, 0x1128, 0x1128, 0x1128, 0x1128, 0x1128, 0x1128, 0x1128, 0x1128, 0x1128, 0x1128, 0x1128,
  0x1128, 0x1128, 0x1128, 0x1128, 0x1128, 0x1128, 0x1128, 0x1128, 0x1128, 0x1128, 0x1128, 0x1128,
  0x1128, 0x1128, 0x1128, 0x1128, 0x1128, 0x1128, 0x1128, 0x1128, 0x1128, 0x1128, 0x1928, 0x1128,
  0x1928, 0xA9A5, 0xE9E4, 0xD1E4, 0xD9E5, 0xD984, 0xDAC6, 0xE549, 0xE5CA, 0xFE0B, 0x6264, 0x0840,
  0x6AA5, 0xF5CA, 0xFE2B, 0x8B66, 0x3983, 0xFE6B, 0x9386, 0x49C3, 0xF5EB, 0xEDAA, 0xF5CA, 0xFDA9,
  0xF5A9, 0xDD8B, 0xB54E, 0x8D11, 0x64F4, 0x4CB7, 0x3498, 0x2C99, 0x247A, 0x1C7A, 0x1C7A, 0x1C7A,
  0x1C7A, 0x1C7A, 0x1C7A, 0x247A, 0x2C99, 0x3CB8, 0x54B6, 0x74F3, 0x9D30, 0xC56D, 0xEDAA, 0xFE0A,
  0xFDC9, 0xC488, 0xDD4A, 0x6AA5, 0x49E3, 0x3142, 0xFE0B, 0xF5CA, 0x93A7, 0x51E3, 0xDD4A, 0xEDAA,
  0xFE0B, 0xCCC9, 0xD509, 0xF60B, 0xE448, 0xDA05, 0xD9A4, 0xD9E5, 0xD1E4, 0xE9E4, 0xA1A5, 0x1928,
  0x1128, 0x1928, 0x1128, 0x1128, 0x1128, 0x1128, 0x1128, 0x1128, 0x1128, 0x1128, 0x1128, 0x1128,
  0x1128, 0x1128, 0x1128, 0x1128, 0x1128, 0x1128, 0x1128, 0x1128, 0x1128, 0x1128, 0x1128, 0x1128,
  0x1128, 0x1128, 0x1128, 0x1128, 0x1128, 0x1128, 0x1128, 0x1128, 0x1128, 0x1128, 0x1128, 0x1128,
  0x1128, 0x1128, 0x1128, 0x1128, 0x1128, 0x1128, 0x1128, 0x1128, 0x1128, 0x1128, 0x1128, 0x1928,
  0x1128, 0x1128, 0x8986, 0xE9E4, 0xD9E4, 0xD9E5, 0xD9A4, 0xDA25, 0xE448, 0xF60B, 0xA407, 0x9366,
  0xFE0B, 0xED8A, 0xF5CA, 0x2922, 0xB448, 0xFE4B, 0x41A3, 0x0020, 0xF5CA, 0xA3E7, 0x72E5, 0xFE0B,
  0xE58A, 0xFDEA, 0xFDEA, 0xFDA9, 0xF5A9, 0xEDAA, 0xE58B, 0xCD6C, 0xC56D, 0xB54E, 0xAD2F, 0xAD4F,
  0xAD4F, 0xB54F, 0xBD4E, 0xC56D, 0xD58C, 0xE5AB, 0xFDEA, 0xFDA9, 0xFDE9, 0xFDCA, 0xE56A, 0x8326,
  0x49E4, 0x5A44, 0xDD49, 0xE58A, 0xFE2B, 0x3963, 0xA3E7, 0xFE0B, 0xB448, 0xDD29, 0xF5CA, 0xED8A,
  0xE58A, 0xF60B, 0xF58A, 0xE346, 0xD9A4, 0xD9C4, 0xD9E5, 0xD9E4, 0xE9E4, 0x8986, 0x1128, 0x1128,
  0x1928, 0x1128, 0x1128, 0x1128, 0x1128, 0x1128, 0x1128, 0x1128, 0x1128, 0x1128, 0x1128, 0x1128,
  0x1128, 0x1128, 0x1128, 0x1128, 0x1128, 0x1128, 0x1128, 0x1128, 0x1128, 0x1128, 0x1128, 0x1128,
  0x1128, 0x1128, 0x1128, 0x1128, 0x1128, 0x1128, 0x1128, 0x1128, 0x1128, 0x1128, 0x1128, 0x1128,
  0x1128, 0x1128, 0x1128, 0x1128, 0x1128, 0x1128, 0x1128, 0x1128, 0x1128, 0x1128, 0x1128, 0x1128,
  0x1928, 0x1128, 0x0928, 0x6966, 0xD9E4, 0xE1E4, 0xD1E5, 0xD9C4, 0xD9A4, 0xDB06, 0xF58A, 0xFE4B,
  0xE58A, 0xFDEB, 0x8326, 0x3983, 0xFE2B, 0xC4A8, 0x3963, 0x49E3, 0xC4A8, 0x49E3, 0x9386, 0xFDEB,
  0xFE0B, 0x7AE5, 0x7B06, 0xF5EB, 0xE58A, 0xE56A, 0xE569, 0xF5AA, 0xF5A9, 0xFDEA, 0xFDEA, 0xF5A9,
  0xF5A9, 0xF5A9, 0xF5A9, 0xFDCA, 0xF5AA, 0xED8A, 0xB448, 0xEDCB, 0x72C5, 0xBC88, 0xED8A, 0x1081,
  0xC4C9, 0xF5CA, 0xDD49, 0xEDAA, 0xFDEB, 0x9BC7, 0x4183, 0xFE0B, 0xF5CA, 0xEDAA, 0xED8A, 0xEDCA,
  0xEDCA, 0xE468, 0xDA25, 0xD9A4, 0xD9E5, 0xD1E5, 0xE1E4, 0xD9E4, 0x6966, 0x0928, 0x1128, 0x1928,
  0x1128, 0x1128, 0x1128, 0x1128, 0x1128, 0x1128, 0x1128, 0x1128, 0x1128, 0x1128, 0x1128, 0x1128,
  0x1128, 0x1128, 0x1128, 0x1128, 0x1128, 0x1128, 0x1128, 0x1128, 0x1128, 0x1128, 0x1128, 0x1128,
  0x1128, 0x1128, 0x1128, 0x1128, 0x1128, 0x1128, 0x1128, 0x1128, 0x1128, 0x1128, 0x1128, 0x1128,
  0x1128, 0x1128, 0x1128, 0x1128, 0x1128, 0x1128, 0x1128, 0x1128, 0x1128, 0x1128, 0x1128, 0x1128,
  0x1128, 0x1928, 0x1928, 0x0928, 0x4147, 0xC1C5, 0xE9E4, 0xD9E4, 0xD9E5, 0xD9A4, 0xD9E5, 0xE3C7,
  0xED8A, 0xFE2B, 0x8326, 0xB428, 0xFE6B, 0x6A85, 0x72E5, 0x9BA7, 0x6244, 0x4183, 0xE56A, 0xFDEB,
  0xC4A8, 0x1061, 0x49E3, 0xF5CA, 0xFE0B, 0x72E5, 0x2902, 0xEDAA, 0xF5EB, 0x8B66, 0x6285, 0xF5CB,
  0xE58A, 0xF5EB, 0x9BC7, 0x6264, 0xFE2B, 0xBC68, 0x2902, 0xFE2B, 0x5A24, 0x7AE5, 0xFE8C, 0x5A24,
  0x51E3, 0x49C3, 0xA407, 0xFDEB, 0xED8A, 0xF5CA, 0x2922, 0xB448, 0xF5CA, 0xEDAA, 0xEDEA, 0xED09,
  0xDAE6, 0xD9A4, 0xD9C4, 0xD9E5, 0xD9E4, 0xE9E4, 0xC1C5, 0x3947, 0x0928, 0x1928, 0x1928, 0x1128,
  0x1128, 0x1128, 0x1128, 0x1128, 0x1128, 0x1128, 0x1128, 0x1128, 0x1128, 0x1128, 0x1128, 0x1128,
  0x1128, 0x1128, 0x1128, 0x1128, 0x1128, 0x1128, 0x1128, 0x1128, 0x1128, 0x1128, 0x1128, 0x1128,
  0x1128, 0x1128, 0x1128, 0x1128, 0x1128, 0x1128, 0x1128, 0x1128, 0x1128, 0x1128, 0x1128, 0x1128,
  0x1128, 0x1128, 0x1128, 0x1128, 0x1128, 0x1128, 0x1128, 0x1128, 0x1128, 0x1128, 0x1128, 0x1128,
  0x1128, 0x1128, 0x1128, 0x1928, 0x0928, 0x1928, 0x8986, 0xE1E4, 0xE1E4, 0xD1E5, 0xD9C4, 0xD984,
  0xDA65, 0xE428, 0xF5EA, 0xF5EB, 0xF5CA, 0x49C3, 0xC4A8, 0xC4A8, 0x0000, 0x72C5, 0xFE0B, 0xEDAA,
  0x3983, 0xB448, 0x5A24, 0xE56A, 0xFE0B, 0x6A85, 0x0020, 0xCCC9, 0xF5CA, 0x1081, 0x3962, 0xFDEB,
  0xED8A, 0xEDAA, 0xDD4A, 0x20C1, 0xDD49, 0x9BA7, 0x5224, 0xFE8C, 0x93A6, 0x49E3, 0xFE6C, 0x93A6,
  0x3142, 0xFE2B, 0xEDAA, 0xDD4A, 0xEDAA, 0xF5AA, 0xC4A9, 0xD549, 0xF60B, 0xED29, 0xE347, 0xD9C4,
  0xD9A4, 0xD9E5, 0xD1E5, 0xE1E4, 0xE1E4, 0x8986, 0x1928, 0x0928, 0x1928, 0x1128, 0x1128, 0x1128,
  0x1128, 0x1128, 0x1128, 0x1128, 0x1128, 0x1128, 0x1128, 0x1128, 0x1128, 0x1128, 0x1128, 0x1128,
  0x1128, 0x1128, 0x1128, 0x1128, 0x1128, 0x1128, 0x1128, 0x1128, 0x1128, 0x1128, 0x1128, 0x1128,
  0x1128, 0x1128, 0x1128, 0x1128, 0x1128, 0x1128, 0x1128, 0x1128, 0x1128, 0x1128, 0x1128, 0x1128,
  0x1128, 0x1128, 0x1128, 0x1128, 0x1128, 0x1128, 0x1128, 0x1128, 0x1128, 0x1128, 0x1128, 0x1128,
  0x1128, 0x1128, 0x1128, 0x1128, 0x1928, 0x1128, 0x0928, 0x4967, 0xC1C5, 0xE9E4, 0xD9E4, 0xD1E5,
  0xD9C4, 0xD9A4, 0xDA65, 0xE408, 0xED6A, 0xE5AA, 0xF5EA, 0xDD4A, 0x18A1, 0xBC68, 0xFE2B, 0x72C5,
  0x18A1, 0x6A85, 0x2902, 0xDD29, 0xFE0B, 0x6264, 0x41A3, 0x9BC7, 0xA3E7, 0x3142, 0x6A85, 0xFDEB,
  0xED8A, 0xE58A, 0xFE2B, 0x7B05, 0x72C5, 0x7B05, 0x8326, 0xFE4B, 0xC4A8, 0x3142, 0xF5CA, 0xDD49,
  0x2902, 0x7AE5, 0x49C3, 0x9BC7, 0xF5EB, 0xEDCA, 0xF5EB, 0xED09, 0xE347, 0xD9E5, 0xD9A4, 0xD9E4,
  0xD1E5, 0xD9E4, 0xE9E4, 0xB9C5, 0x4967, 0x0928, 0x1128, 0x1928, 0x1128, 0x1128, 0x1128, 0x1128,
  0x1128, 0x1128, 0x1128, 0x1128, 0x1128, 0x1128, 0x1128, 0x1128, 0x1128, 0x1128, 0x1128, 0x1128,
  0x1128, 0x1128, 0x1128, 0x1128, 0x1128, 0x1128, 0x1128, 0x1128, 0x1128, 0x1128, 0x1128, 0x1128,
  0x1128, 0x1128, 0x1128, 0x1128, 0x1128, 0x1128, 0x1128, 0x1128, 0x1128, 0x1128, 0x1128, 0x1128,
  0x1128, 0x1128, 0x1128, 0x1128, 0x1128, 0x1128, 0x1128, 0x1128, 0x1128, 0x1128, 0x1128, 0x1128,
  0x1128, 0x1128, 0x1128, 0x1128, 0x1128, 0x1928, 0x1928, 0x0928, 0x1928, 0x7986, 0xD1C5, 0xE9E4,
  0xD9E4, 0xD1E5, 0xD9C4, 0xD9A4, 0xDA25, 0xE387, 0xE4E9, 0xEDCA, 0xDD8A, 0xEDCA, 0xDD29, 0x41A3,
  0xCCE9, 0xC488, 0x20E2, 0xB468, 0xFE2B, 0x49C3, 0x9366, 0x5204, 0x5A24, 0x7B05, 0x6264, 0xFE0B,
  0xE58A, 0xEDAA, 0xEDAA, 0xE56A, 0x3983, 0x2922, 0xC4A8, 0xF5EA, 0xEDAA, 0x2922, 0xC4A8, 0xFDEB,
  0x8B46, 0x8B86, 0xDD6A, 0xF5EB, 0xED6A, 0xE468, 0xDAE6, 0xD9C4, 0xD9A4, 0xD9C4, 0xD1E5, 0xD9E4,
  0xE9E4, 0xD1C5, 0x7986, 0x1928, 0x0928, 0x1928, 0x1928, 0x1128, 0x1128, 0x1128, 0x1128, 0x1128,
  0x1128, 0x1128, 0x1128, 0x1128, 0x1128, 0x1128, 0x1128, 0x1128, 0x1128, 0x1128, 0x1128, 0x1128,
  0x1128, 0x1128, 0x1128, 0x1128, 0x1128, 0x1128, 0x1128, 0x1128, 0x1128, 0x1128, 0x1128, 0x1128,
  0x1128, 0x1128, 0x1128, 0x1128, 0x1128, 0x1128, 0x1128, 0x1128, 0x1128, 0x1128, 0x1128, 0x1128,
  0x1128, 0x1128, 0x1128, 0x1128, 0x1128, 0x1128, 0x1128, 0x1128, 0x1128, 0x1128, 0x1128, 0x1128,
  0x1128, 0x1128, 0x1128, 0x1128, 0x1128, 0x1128, 0x1128, 0x1928, 0x1128, 0x0928, 0x2947, 0x8986,
  0xD9E4, 0xE9E4, 0xD9E4, 0xD1E5, 0xD9C4, 0xD984, 0xD9C4, 0xDAA6, 0xE408, 0xED09, 0xED8A, 0xEDEB,
  0xF5EB, 0xFE4B, 0x8B66, 0xB448, 0xFDEB, 0x3942, 0xD4E9, 0x2922, 0x8326, 0x8326, 0x6244, 0xFE2B,
  0xE58A, 0xED8A, 0xE58A, 0xFE0B, 0x8B46, 0x18A1, 0xED8A, 0xED8A, 0xEDAA, 0xBC88, 0xDD6A, 0xEDEB,
  0xFE2B, 0xFDCB, 0xECA9, 0xE347, 0xDA45, 0xD9A4, 0xD9A4, 0xD9E4, 0xD1E5, 0xD9E4, 0xE9E4, 0xD9E4,
  0x8986, 0x2947, 0x0928, 0x1128, 0x1928, 0x1128, 0x1128, 0x1128, 0x1128, 0x1128, 0x1128, 0x1128,
  0x1128, 0x1128, 0x1128, 0x1128, 0x1128, 0x1128, 0x1128, 0x1128, 0x1128, 0x1128, 0x1128, 0x1128,
  0x1128, 0x1128, 0x1128, 0x1128, 0x1128, 0x1128, 0x1128, 0x1128, 0x1128, 0x1128, 0x1128, 0x1128,
  0x1128, 0x1128, 0x1128, 0x1128, 0x1128, 0x1128, 0x1128, 0x1128, 0x1128, 0x1128, 0x1128, 0x1128,
  0x1128, 0x1128, 0x1128, 0x1128, 0x1128, 0x1128, 0x1128, 0x1128, 0x1128, 0x1128, 0x1128, 0x1128,
  0x1128, 0x1128, 0x1128, 0x1128, 0x1128, 0x1128, 0x1128, 0x1128, 0x1928, 0x1928, 0x1128, 0x0928,
  0x3147, 0x8986, 0xD1E5, 0xE9E4, 0xE1E4, 0xD9E5, 0xD1E5, 0xD9A4, 0xD984, 0xD9C4, 0xDA85, 0xE367,
  0xE448, 0xE509, 0xF5CA, 0xEDEA, 0xEDEA, 0xD549, 0xEDCA, 0xCCE9, 0xE5AA, 0xBC88, 0xBC88, 0xF5EB,
  0xEDAA, 0xEDAA, 0xEDCA, 0xEDCA, 0xEDCA, 0xDD8A, 0xEDEB, 0xEDEA, 0xEDAA, 0xF5AA, 0xECE9, 0xE3E8,
  0xDAE6, 0xDA25, 0xD9A4, 0xD9A4, 0xD9C4, 0xD1E5, 0xD9E5, 0xE1E4, 0xE9E4, 0xD1C5, 0x8986, 0x3147,
  0x0928, 0x1128, 0x1928, 0x1928, 0x1128, 0x1128, 0x1128, 0x1128, 0x1128, 0x1128, 0x1128, 0x1128,
  0x1128, 0x1128, 0x1128, 0x1128, 0x1128, 0x1128, 0x1128, 0x1128, 0x1128, 0x1128, 0x1128, 0x1128,
  0x1128, 0x1128, 0x1128, 0x1128, 0x1128, 0x1128, 0x1128, 0x1128, 0x1128, 0x1128, 0x1128, 0x1128,
  0x1128, 0x1128, 0x1128, 0x1128, 0x1128, 0x1128, 0x1128, 0x1128, 0x1128, 0x1128, 0x1128, 0x1128,
  0x1128, 0x1128, 0x1128, 0x1128, 0x1128, 0x1128, 0x1128, 0x1128, 0x1128, 0x1128, 0x1128, 0x1128,
  0x1128, 0x1128, 0x1128, 0x1128, 0x1128, 0x1128, 0x1128, 0x1128, 0x1128, 0x1128, 0x1928, 0x1928,
  0x1128, 0x0928, 0x2947, 0x7986, 0xC1C5, 0xE1E4, 0xE1E4, 0xD9E4, 0xD9E5, 0xD1E4, 0xD9A4, 0xD984,
  0xD9A4, 0xD9E4, 0xDA45, 0xDAE6, 0xE387, 0xEC28, 0xE468, 0xECE9, 0xED09, 0xF56A, 0xF56A, 0xED4A,
  0xED4A, 0xED49, 0xED29, 0xE4E9, 0xE4A9, 0xEC68, 0xE3C7, 0xE347, 0xDAA6, 0xDA05, 0xD9C4, 0xD9A4,
  0xD9A4, 0xD9C4, 0xD1E5, 0xD9E5, 0xD9E4, 0xE1E4, 0xE1E4, 0xC1C5, 0x7986, 0x2947, 0x0928, 0x1128,
  0x1928, 0x1928, 0x1128, 0x1128, 0x1128, 0x1128, 0x1128, 0x1128, 0x1128, 0x1128, 0x1128, 0x1128,
  0x1128, 0x1128, 0x1128, 0x1128, 0x1128, 0x1128, 0x1128, 0x1128, 0x1128, 0x1128, 0x1128, 0x1128,
  0x1128, 0x1128, 0x1128, 0x1128, 0x1128, 0x1128, 0x1128, 0x1128, 0x1128, 0x1128, 0x1128, 0x1128,
  0x1128, 0x1128, 0x1128, 0x1128, 0x1128, 0x1128, 0x1128, 0x1128, 0x1128, 0x1128, 0x1128, 0x1128,
  0x1128, 0x1128, 0x1128, 0x1128, 0x1128, 0x1128, 0x1128, 0x1128, 0x1128, 0x1128, 0x1128, 0x1128,
  0x1128, 0x1128, 0x1128, 0x1128, 0x1128, 0x1128, 0x1128, 0x1128, 0x1128, 0x1128, 0x1128, 0x1128,
  0x1928, 0x1928, 0x1128, 0x0928, 0x1928, 0x5167, 0x99A6, 0xC9C5, 0xE1E4, 0xE1E4, 0xE1E4, 0xD9E5,
  0xD1E5, 0xD1C4, 0xD1C4, 0xD9A4, 0xD984, 0xD184, 0xD9A4, 0xD9A4, 0xD9E4, 0xD9E4, 0xDA05, 0xDA05,
  0xDA05, 0xDA05, 0xD9E5, 0xD9C4, 0xD9A4, 0xD9A4, 0xD984, 0xD9A4, 0xD9A4, 0xD9C4, 0xD1E5, 0xD1E5,
  0xD9E5, 0xE1E4, 0xE1E4, 0xE1E4, 0xC9C5, 0x99A6, 0x5167, 0x1928, 0x0928, 0x1128, 0x1928, 0x1928,
  0x1128, 0x1128, 0x1128, 0x1128, 0x1128, 0x1128, 0x1128, 0x1128, 0x1128, 0x1128, 0x1128, 0x1128,
  0x1128, 0x1128, 0x1128, 0x1128, 0x1128, 0x1128, 0x1128, 0x1128, 0x1128, 0x1128, 0x1128, 0x1128,
  0x1128, 0x1128, 0x1128, 0x1128, 0x1128, 0x1128, 0x1128, 0x1128, 0x1128, 0x1128, 0x1128, 0x1128,
  0x1128, 0x1128, 0x1128, 0x1128, 0x1128, 0x1128, 0x1128, 0x1128, 0x1128, 0x1128, 0x1128, 0x1128,
  0x1128, 0x1128, 0x1128, 0x1128, 0x1128, 0x1128, 0x1128, 0x1128, 0x1128, 0x1128, 0x1128, 0x1128,
  0x1128, 0x1128, 0x1128, 0x1128, 0x1128, 0x1128, 0x1128, 0x1128, 0x1128, 0x1128, 0x1128, 0x1128,
  0x1128, 0x1128, 0x1928, 0x1928, 0x1128, 0x0928, 0x0928, 0x2148, 0x5167, 0x91A6, 0xC1C5, 0xD9E4,
  0xE1E4, 0xE9E4, 0xE1E4, 0xD9E4, 0xD9E5, 0xD9E5, 0xD1E5, 0xD1E5, 0xD1C4, 0xD1C4, 0xD1C4, 0xD1C4,
  0xD1C4, 0xD1C4, 0xD1C4, 0xD1E5, 0xD1E5, 0xD1E5, 0xD9E5, 0xD9E5, 0xD9E4, 0xE1E4, 0xE9E4, 0xE1E4,
  0xD9E4, 0xB9C5, 0x91A6, 0x5167, 0x2128, 0x0928, 0x0928, 0x1128, 0x1928, 0x1928, 0x1128, 0x1128,
  0x1128, 0x1128, 0x1128, 0x1128, 0x1128, 0x1128, 0x1128, 0x1128, 0x1128, 0x1128, 0x1128, 0x1128,
  0x1128, 0x1128, 0x1128, 0x1128, 0x1128, 0x1128, 0x1128, 0x1128, 0x1128, 0x1128, 0x1128, 0x1128,
  0x1128, 0x1128, 0x1128, 0x1128, 0x1128, 0x1128, 0x1128, 0x1128, 0x1128, 0x1128, 0x1128, 0x1128,
  0x1128, 0x1128, 0x1128, 0x1128, 0x1128, 0x1128, 0x1128, 0x1128, 0x1128, 0x1128, 0x1128, 0x1128,
  0x1128, 0x1128, 0x1128, 0x1128, 0x1128, 0x1128, 0x1128, 0x1128, 0x1128, 0x1128, 0x1128, 0x1128,
  0x1128, 0x1128, 0x1128, 0x1128, 0x1128, 0x1128, 0x1128, 0x1128, 0x1128, 0x1128, 0x1128, 0x1128,
  0x1128, 0x1128, 0x1128, 0x1128, 0x1928, 0x1928, 0x1928, 0x1128, 0x0928, 0x0928, 0x1928, 0x3947,
  0x6167, 0x8986, 0xA9A5, 0xC9C5, 0xD9E4, 0xE1E4, 0xE1E4, 0xE9E4, 0xE9E4, 0xE9E4, 0xE1E4, 0xE1E4,
  0xE1E4, 0xE1E4, 0xE9E4, 0xE9E4, 0xE9E4, 0xE1E4, 0xE1E4, 0xD9E4, 0xC9C5, 0xA9A5, 0x8986, 0x6167,
  0x3947, 0x1928, 0x0928, 0x0928, 0x1128, 0x1928, 0x1928, 0x1928, 0x1128, 0x1128, 0x1128, 0x1128,
  0x1128, 0x1128, 0x1128, 0x1128, 0x1128, 0x1128, 0x1128, 0x1128, 0x1128, 0x1128, 0x1128, 0x1128,
  0x1128, 0x1128, 0x1128, 0x1128, 0x1128, 0x1128, 0x1128, 0x1128, 0x1128, 0x1128, 0x1128, 0x1128,
  0x1128, 0x1128, 0x1128, 0x1128, 0x1128, 0x1128, 0x1128, 0x1128, 0x1128, 0x1128, 0x1128, 0x1128,
  0x1128, 0x1128, 0x1128, 0x1128, 0x1128, 0x1128, 0x1128, 0x1128, 0x1128, 0x1128, 0x1128, 0x1128,
  0x1128, 0x1128, 0x1128, 0x1128, 0x1128, 0x1128, 0x1128, 0x1128, 0x1128, 0x1128, 0x1128, 0x1128,
  0x1128, 0x1128, 0x1128, 0x1128, 0x1128, 0x1128, 0x1128, 0x1128, 0x1128, 0x1128, 0x1128, 0x1128,
  0x1128, 0x1128, 0x1128, 0x1128, 0x1128, 0x1128, 0x1128, 0x1928, 0x1928, 0x1928, 0x1128, 0x0928,
  0x0928, 0x0928, 0x1128, 0x2128, 0x3147, 0x4967, 0x5967, 0x7186, 0x7986, 0x8986, 0x91A6, 0x91A6,
  0x91A6, 0x91A6, 0x8986, 0x7986, 0x7186, 0x5967, 0x4967, 0x3147, 0x2128, 0x1128, 0x0928, 0x0928,
  0x0928, 0x1128, 0x1928, 0x1928, 0x1928, 0x1128, 0x1128, 0x1128, 0x1128, 0x1128, 0x1128, 0x1128,
  0x1128, 0x1128, 0x1128, 0x1128, 0x1128, 0x1128, 0x1128, 0x1128, 0x1128, 0x1128, 0x1128, 0x1128,
  0x1128, 0x1128, 0x1128, 0x1128, 0x1128, 0x1128, 0x1128, 0x1128, 0x1128, 0x1128, 0x1128, 0x1128,
  0x1128, 0x1128, 0x1128, 0x1128, 0x1128, 0x1128, 0x1128, 0x1128, 0x1128, 0x1128, 0x1128, 0x1128,
  0x1128, 0x1128, 0x1128, 0x1128, 0x1128, 0x1128, 0x1128, 0x1128, 0x1128, 0x1128, 0x1128, 0x1128,
  0x1128, 0x1128, 0x1128, 0x1128, 0x1128, 0x1128, 0x1128, 0x1128, 0x1128, 0x1128, 0x1128, 0x1128,
  0x1128, 0x1128, 0x1128, 0x1128, 0x1128, 0x1128, 0x1128, 0x1128, 0x1128, 0x1128, 0x1128, 0x1128,
  0x1128, 0x1128, 0x1128, 0x1128, 0x1128, 0x1128, 0x1128, 0x1128, 0x1128, 0x1128, 0x1128, 0x1928,
  0x1928, 0x1928, 0x1928, 0x1128, 0x1128, 0x0928, 0x0928, 0x0928, 0x0928, 0x0928, 0x0928, 0x0928,
  0x0928, 0x0928, 0x0928, 0x0928, 0x0928, 0x0928, 0x0928, 0x1128, 0x1128, 0x1928, 0x1928, 0x1928,
  0x1928, 0x1128, 0x1128, 0x1128, 0x1128, 0x1128, 0x1128, 0x1128, 0x1128, 0x1128, 0x1128, 0x1128,
  0x1128, 0x1128, 0x1128, 0x1128, 0x1128, 0x1128, 0x1128, 0x1128, 0x1128, 0x1128, 0x1128, 0x1128,
  0x1128, 0x1128, 0x1128, 0x1128, 0x1128, 0x1128, 0x1128, 0x1128, 0x1128, 0x1128, 0x1128, 0x1128,
  0x1128, 0x1128, 0x1128, 0x1128, 0x1128, 0x1128, 0x1128, 0x1128, 0x1128, 0x1128, 0x1128, 0x1128,
  0x1128, 0x1128, 0x1128, 0x1128, 0x1128, 0x1128, 0x1128, 0x1128, 0x1128, 0x1128, 0x1128, 0x1128,
  0x1128, 0x1128, 0x1128, 0x1128, 0x1128, 0x1128, 0x1128, 0x1128, 0x1128, 0x1128, 0x1128, 0x1128,
  0x1128, 0x1128, 0x1128, 0x1128, 0x1128, 0x1128, 0x1128, 0x1128, 0x1128, 0x1128, 0x1128, 0x1128,
  0x1128, 0x1128, 0x1128, 0x1128, 0x1128, 0x1128, 0x1128, 0x1128, 0x1128, 0x1128, 0x1128, 0x1128,
  0x1128, 0x1128, 0x1128, 0x1928, 0x1928, 0x1928, 0x1928, 0x1928, 0x1928, 0x1928, 0x1928, 0x1928,
  0x1928, 0x1928, 0x1928, 0x1928, 0x1928, 0x1928, 0x1928, 0x1928, 0x1928, 0x1128, 0x1128, 0x1128,
  0x1128, 0x1128, 0x1128, 0x1128, 0x1128, 0x1128, 0x1128, 0x1128, 0x1128, 0x1128, 0x1128, 0x1128,
  0x1128, 0x1128, 0x1128, 0x1128, 0x1128, 0x1128, 0x1128, 0x1128, 0x1128, 0x1128, 0x1128, 0x1128,
  0x1128, 0x1128, 0x1128, 0x1128, 0x1128, 0x1128, 0x1128, 0x1128, 0x1128, 0x1128, 0x1128, 0x1128,
  0x1128, 0x1128, 0x1128, 0x1128, 0x1128, 0x1128, 0x1128, 0x1128, 0x1128, 0x1128, 0x1128, 0x1128,
  0x1128, 0x1128, 0x1128, 0x1128, 0x1128, 0x1128, 0x1128, 0x1128, 0x1128, 0x1128, 0x1128, 0x1128,
  0x1128, 0x1128, 0x1128, 0x1128, 0x1128, 0x1128, 0x1128, 0x1128, 0x1128, 0x1128, 0x1128, 0x1128,
  0x1128, 0x1128, 0x1128, 0x1128, 0x1128, 0x1128, 0x1128, 0x1128, 0x1128, 0x1128, 0x1128, 0x1128,
  0x1128, 0x1128, 0x1128, 0x1128, 0x1128, 0x1128, 0x1128, 0x1128, 0x1128, 0x1128, 0x1128, 0x1128,
  0x1128, 0x1128, 0x1128, 0x1128, 0x1128, 0x1128, 0x1128, 0x1128, 0x1128, 0x1128, 0x1128, 0x1128,
  0x1128, 0x1128, 0x1128, 0x1128, 0x1128, 0x1128, 0x1128, 0x1128, 0x1128, 0x1128, 0x1128, 0x1128,
  0x1128, 0x1128, 0x1128, 0x1128, 0x1128, 0x1128, 0x1128, 0x1128, 0x1128, 0x1128, 0x1128, 0x1128,
  0x1128, 0x1128, 0x1128, 0x1128, 0x1128, 0x1128, 0x1128, 0x1128, 0x1128, 0x1128, 0x1128, 0x1128,
  0x1128, 0x1128, 0x1128, 0x1128, 0x1128, 0x1128, 0x1128, 0x1128, 0x1128, 0x1128, 0x1128, 0x1128,
  0x1128, 0x1128, 0x1128, 0x1128, 0x1128, 0x1128, 0x1128, 0x1128, 0x1128, 0x1128, 0x1128, 0x1128,
  0x1128, 0x1128, 0x1128, 0x1128, 0x1128, 0x1128, 0x1128, 0x1128, 0x1128, 0x1128, 0x1128, 0x1128,
  0x1128, 0x1128, 0x1128, 0x1128, 0x1128, 0x1128, 0x1128, 0x1128, 0x1128, 0x1128, 0x1128, 0x1128,
  0x1128, 0x1128, 0x1128, 0x1128, 0x1128, 0x1128, 0x1128, 0x1128, 0x1128, 0x1128, 0x1128, 0x1128,
  0x1128, 0x1128, 0x1128, 0x1128, 0x1128, 0x1128, 0x1128, 0x1128, 0x1128, 0x1128, 0x1128, 0x1128,
  0x1128, 0x1128, 0x1128, 0x1128, 0x1128, 0x1128, 0x1128, 0x1128, 0x1128, 0x1128, 0x1128, 0x1128,
  0x1128, 0x1128, 0x1128, 0x1128, 0x1128, 0x1128, 0x1128, 0x1128, 0x1128, 0x1128, 0x1128, 0x1128,
  0x1128, 0x1128, 0x1128, 0x1128, 0x1128, 0x1128, 0x1128, 0x1128, 0x1128, 0x1128, 0x1128, 0x1128,
  0x1128, 0x1128, 0x1128, 0x1128, 0x1128, 0x1128, 0x1128, 0x1128, 0x1128, 0x1128, 0x1128, 0x1128,
  0x1128, 0x1128, 0x1128, 0x1128, 0x1128, 0x1128, 0x1128, 0x1128, 0x1128, 0x1128, 0x1128, 0x1128,
  0x1128, 0x1128, 0x1128, 0x1128, 0x1128, 0x1128, 0x1128, 0x1128, 0x1128, 0x1128, 0x1128, 0x1128,
  0x1128, 0x1128, 0x1128, 0x1128, 0x1128, 0x1128, 0x1128, 0x1128, 0x1128, 0x1128, 0x1128, 0x1128,
  0x1128, 0x1128, 0x1128, 0x1128, 0x1128, 0x1128, 0x1128, 0x1128, 0x1128, 0x1128, 0x1128, 0x1128,
  0x1128, 0x1128, 0x1128, 0x1128, 0x1128, 0x1128, 0x1128, 0x1128, 0x1128, 0x1128, 0x1128, 0x1128,
  0x1128, 0x1128, 0x1128, 0x1128, 0x1128, 0x1128, 0x1128, 0x1128, 0x1128, 0x1128, 0x1128, 0x1128,
  0x1128, 0x1128, 0x1128, 0x1128, 0x1128, 0x1128, 0x1128, 0x1128, 0x1128, 0x1128, 0x1128, 0x1128,
  0x1128, 0x1128, 0x1128, 0x1128, 0x1128, 0x1128, 0x1128, 0x1128, 0x1128, 0x1128, 0x1128, 0x1128,
  0x1128, 0x1128, 0x1128, 0x1128, 0x1128, 0x1128, 0x1128, 0x1128, 0x1128, 0x1128, 0x1128, 0x1128,
  0x1128, 0x1128, 0x1128, 0x1128, 0x1128, 0x1128, 0x1128, 0x1128, 0x1128, 0x1128, 0x1128, 0x1128,
  0x1128, 0x1128, 0x1128, 0x1128, 0x1128, 0x1128, 0x1128, 0x1128, 0x1128, 0x1128, 0x1128, 0x1128,
  0x1128, 0x1128, 0x1128, 0x1128, 0x1128, 0x1128, 0x1128, 0x1128, 0x1128, 0x1128, 0x1128, 0x1128,
  0x1128, 0x1128, 0x1128, 0x1128, 0x1128, 0x1128, 0x1128, 0x1128, 0x1128, 0x1128, 0x1128, 0x1128,
  0x1128, 0x1128, 0x1128, 0x1128, 0x1128, 0x1128, 0x1128, 0x1128, 0x1128, 0x1128, 0x1128, 0x1128,
  0x1128, 0x1128, 0x1128, 0x1128, 0x1128, 0x1128, 0x1128, 0x1128, 0x1128, 0x1128, 0x1128, 0x1128,
  0x1128, 0x1128, 0x1128, 0x1128, 0x1128, 0x1128, 0x1128, 0x1128, 0x1128, 0x1128, 0x1128, 0x1128,
  0x1128, 0x1128, 0x1128, 0x1128, 0x1128, 0x1128, 0x1128, 0x1128, 0x1128, 0x1128, 0x1128, 0x1128,
  0x1128, 0x1128, 0x1128, 0x1128, 0x1128, 0x1128, 0x1128, 0x1128, 0x1128, 0x1128, 0x1128, 0x1128,
  0x1128, 0x1128, 0x1128, 0x1128, 0x1128, 0x1128, 0x1128, 0x1128, 0x1128, 0x1128, 0x1128, 0x1128,
  0x1128, 0x1128, 0x1128, 0x1128, 0x1128, 0x1128, 0x1128, 0x1128, 0x1128, 0x1128, 0x1128, 0x1128,
  0x1128, 0x1128, 0x1128, 0x1128, 0x1128, 0x1128, 0x1128, 0x1128, 0x1128, 0x1128, 0x1128, 0x1128,
  0x1128, 0x1128, 0x1128, 0x1128, 0x1128, 0x1128, 0x1128, 0x1128, 0x1128, 0x1128, 0x1128, 0x1128,
  0x1128, 0x1128, 0x1128, 0x1128, 0x1128, 0x1128, 0x1128, 0x1128, 0x1128, 0x1128, 0x1128, 0x1128,
  0x1128, 0x1128, 0x1128, 0x1128, 0x1128, 0x1128, 0x1128, 0x1128, 0x1128, 0x1128, 0x1128, 0x1128,
  0x1128, 0x1128, 0x1128, 0x1128, 0x1128, 0x1128, 0x1128, 0x1128, 0x1128, 0x1128, 0x1128, 0x1128,
  0x1128, 0x1128, 0x1128, 0x1128, 0x1128, 0x1128, 0x1128, 0x1128, 0x1128, 0x1128, 0x1128, 0x1128,
  0x1128, 0x1128, 0x1128, 0x1128, 0x1128, 0x1128, 0x1128, 0x1128, 0x1128, 0x1128, 0x1128, 0x1128,
  0x1128, 0x1128, 0x1128, 0x1128, 0x1128, 0x1128, 0x1128, 0x1128, 0x1128, 0x1128, 0x1128, 0x1128,
  0x1128, 0x1128, 0x1128, 0x1128, 0x1128, 0x1128, 0x1128, 0x1128, 0x1128, 0x1128, 0x1128, 0x1128,
  0x1128, 0x1128, 0x1128, 0x1128, 0x1128, 0x1128, 0x1128, 0x1128, 0x1128, 0x1128, 0x1128, 0x1128,
  0x1128, 0x1128, 0x1128, 0x1128, 0x1128, 0x1128, 0x1128, 0x1128, 0x1128, 0x1128, 0x1128, 0x1128,
  0x1128, 0x1128, 0x1128, 0x1128, 0x1128, 0x1128, 0x1128, 0x1128, 0x1128, 0x1128, 0x1128, 0x1128,
};
